,n_iteration,x_trajectory,y_trajectory,norm_d,alpha,measure_PS,Start_hitting_boundary,stop_hitting_boundary
0,0,[-0.10536215 -0.09754863 -0.10693732 -0.09145255],[0.87132424 0.65425938],1.0,2.5832056999206543,0.2797457277774811,False,False
1,1,[-0.10536215 -0.09754863 -0.10693732 -0.09145255],[0.87110627 0.6538381 ],1.0,2.58262038230896,0.2798193693161011,False,False
2,2,[-0.10536215 -0.09754863 -0.10693732 -0.09145255],[0.87088823 0.65341687],0.9999999403953552,2.5820462703704834,0.279891699552536,False,False
3,3,[-0.10536215 -0.09754863 -0.10693732 -0.09145255],[0.87067014 0.65299588],1.0,2.5814831256866455,0.27996283769607544,False,False
4,4,[-0.10536215 -0.09754863 -0.10693732 -0.09145255],[0.87045193 0.65257496],1.0,2.5809316635131836,0.2800326347351074,False,False
5,5,[-0.10536215 -0.09754863 -0.10693732 -0.09145255],[0.87023365 0.65215409],1.0000001192092896,2.5803911685943604,0.2801012098789215,False,False
6,6,[-0.10536215 -0.09754863 -0.10693732 -0.09145255],[0.87001532 0.6517334 ],1.0,2.579861879348755,0.2801685035228729,False,False
7,7,[-0.10536215 -0.09754863 -0.10693732 -0.09145255],[0.86979687 0.65131289],1.0000001192092896,2.5793440341949463,0.2802344858646393,False,False
8,8,[-0.10536215 -0.09754863 -0.10693732 -0.09145255],[0.86957836 0.65089244],1.0,2.5788369178771973,0.28029921650886536,False,False
9,9,[-0.10536215 -0.09754863 -0.10693732 -0.09145255],[0.86935985 0.65047204],1.0,2.5783419609069824,0.28036263585090637,False,False
10,10,[-0.10536215 -0.09754863 -0.10693732 -0.09145255],[0.86914122 0.65005189],1.0,2.5778579711914062,0.28042474389076233,False,False
11,11,[-0.10536215 -0.09754863 -0.10693732 -0.09145255],[0.86892253 0.64963186],1.0,2.577385902404785,0.2804855704307556,False,False
12,12,[-0.10536215 -0.09754863 -0.10693732 -0.09145255],[0.86870372 0.64921188],1.0,2.5769245624542236,0.28054511547088623,False,False
13,13,[-0.10536215 -0.09754863 -0.10693732 -0.09145255],[0.86848491 0.64879209],1.0,2.57647442817688,0.2806033492088318,False,False
14,14,[-0.10536215 -0.09754863 -0.10693732 -0.09145255],[0.86826599 0.64837247],1.0,2.576036214828491,0.28066033124923706,False,False
15,15,[-0.10536215 -0.09754863 -0.10693732 -0.09145255],[0.868047   0.64795297],0.9999999403953552,2.575608730316162,0.2807159721851349,False,False
16,16,[-0.10536215 -0.09754863 -0.10693732 -0.09145255],[0.86782801 0.6475336 ],1.0,2.5751936435699463,0.28077027201652527,False,False
17,17,[-0.10536215 -0.09754863 -0.10693732 -0.09145255],[0.86760885 0.64711434],1.0,2.574788808822632,0.28082334995269775,False,False
18,18,[-0.10536215 -0.09754863 -0.10693732 -0.09145255],[0.86738968 0.64669526],1.0,2.5743958950042725,0.2808750867843628,False,False
19,19,[-0.10536215 -0.09754863 -0.10693732 -0.09145255],[0.86717045 0.6462763 ],1.0,2.57401442527771,0.2809255123138428,False,False
20,20,[-0.10536215 -0.09754863 -0.10693732 -0.09145255],[0.86695117 0.64585751],1.0000001192092896,2.5736441612243652,0.2809746265411377,False,False
21,21,[-0.10536215 -0.09754863 -0.10693732 -0.09145255],[0.86673176 0.64543885],1.0,2.5732851028442383,0.28102245926856995,False,False
22,22,[-0.10536215 -0.09754863 -0.10693732 -0.09145255],[0.86651242 0.64502031],1.0,2.5729384422302246,0.28106892108917236,False,False
23,23,[-0.10536215 -0.09754863 -0.10693732 -0.09145255],[0.86629295 0.64460194],1.0,2.5726029872894287,0.28111404180526733,False,False
24,24,[-0.10536215 -0.09754863 -0.10693732 -0.09145255],[0.86607343 0.64418375],0.9999999403953552,2.5722784996032715,0.281157910823822,False,False
25,25,[-0.10536215 -0.09754863 -0.10693732 -0.09145255],[0.86585379 0.64376575],1.0,2.571965456008911,0.28120046854019165,False,False
26,26,[-0.10536215 -0.09754863 -0.10693732 -0.09145255],[0.8656342  0.64334786],0.9999999403953552,2.571664333343506,0.28124162554740906,False,False
27,27,[-0.10536215 -0.09754863 -0.10693732 -0.09145255],[0.8654145  0.64293015],1.0,2.5713746547698975,0.2812814712524414,False,False
28,28,[-0.10536215 -0.09754863 -0.10693732 -0.09145255],[0.86519474 0.6425125 ],1.0,2.571096420288086,0.2813200056552887,False,False
29,29,[-0.10536215 -0.09754863 -0.10693732 -0.09145255],[0.86497486 0.64209509],0.9999999403953552,2.570829153060913,0.2813572883605957,False,False
30,30,[-0.10536215 -0.09754863 -0.10693732 -0.09145255],[0.86475503 0.64167774],1.0,2.5705740451812744,0.2813931405544281,False,False
31,31,[-0.10536215 -0.09754863 -0.10693732 -0.09145255],[0.86453515 0.64126074],1.0,2.57033109664917,0.28142765164375305,False,False
32,32,[-0.10536215 -0.09754863 -0.10693732 -0.09145255],[0.86431521 0.64084375],0.9999999403953552,2.570099115371704,0.28146082162857056,False,False
33,33,[-0.10536215 -0.09754863 -0.10693732 -0.09145255],[0.86409521 0.64042699],1.0,2.5698788166046143,0.281492680311203,False,False
34,34,[-0.10536215 -0.09754863 -0.10693732 -0.09145255],[0.86387515 0.64001036],1.0,2.569669723510742,0.2815232276916504,False,False
35,35,[-0.10536215 -0.09754863 -0.10693732 -0.09145255],[0.86365497 0.63959396],1.0,2.569472551345825,0.28155240416526794,False,False
36,36,[-0.10536215 -0.09754863 -0.10693732 -0.09145255],[0.86343485 0.63917768],1.0,2.569287061691284,0.28158023953437805,False,False
37,37,[-0.10536215 -0.09754863 -0.10693732 -0.09145255],[0.86321467 0.63876164],1.0,2.569113254547119,0.28160667419433594,False,False
38,38,[-0.10536215 -0.09754863 -0.10693732 -0.09145255],[0.86299443 0.63834566],1.0,2.56895112991333,0.28163182735443115,False,False
39,39,[-0.10536215 -0.09754863 -0.10693732 -0.09145255],[0.86277413 0.63792992],1.0,2.568800687789917,0.28165557980537415,False,False
40,40,[-0.10536215 -0.09754863 -0.10693732 -0.09145255],[0.86255383 0.63751441],1.0,2.568661689758301,0.2816779911518097,False,False
41,41,[-0.10536215 -0.09754863 -0.10693732 -0.09145255],[0.86233348 0.63709897],0.9999998807907104,2.5685343742370605,0.2816990613937378,False,False
42,42,[-0.10536215 -0.09754863 -0.10693732 -0.09145255],[0.86211306 0.63668376],1.0,2.5684189796447754,0.28171876072883606,False,False
43,43,[-0.10536215 -0.09754863 -0.10693732 -0.09145255],[0.86189258 0.63626873],1.0,2.5683155059814453,0.2817371189594269,False,False
44,44,[-0.10536215 -0.09754863 -0.10693732 -0.09145255],[0.86167216 0.63585389],1.0,2.5682239532470703,0.2817540764808655,False,False
45,45,[-0.10536215 -0.09754863 -0.10693732 -0.09145255],[0.86145163 0.63543928],1.0,2.568143606185913,0.28176969289779663,False,False
46,46,[-0.10536215 -0.09754863 -0.10693732 -0.09145255],[0.86123109 0.63502479],1.0,2.568075656890869,0.28178390860557556,False,False
47,47,[-0.10536215 -0.09754863 -0.10693732 -0.09145255],[0.86101043 0.63461053],1.0,2.568019151687622,0.28179678320884705,False,False
48,48,[-0.10536215 -0.09754863 -0.10693732 -0.09145255],[0.86078984 0.63419646],1.0,2.56797456741333,0.2818082869052887,False,False
49,49,[-0.10536215 -0.09754863 -0.10693732 -0.09145255],[0.86056918 0.63378257],0.9999999403953552,2.567941904067993,0.2818184196949005,False,False
50,50,[-0.10536215 -0.09754863 -0.10693732 -0.09145255],[0.86034846 0.63336885],1.0,2.5679211616516113,0.2818271815776825,False,False
51,51,[-0.10536215 -0.09754863 -0.10693732 -0.09145255],[0.86012775 0.63295531],1.0,2.5679118633270264,0.28183460235595703,False,False
52,52,[-0.10536215 -0.09754863 -0.10693732 -0.09145255],[0.85990697 0.63254201],0.9999999403953552,2.5679147243499756,0.28184059262275696,False,False
53,53,[-0.10536215 -0.09754863 -0.10693732 -0.09145255],[0.85968626 0.63212889],1.0,2.567929983139038,0.28184518218040466,False,False
54,54,[-0.10536215 -0.09754863 -0.10693732 -0.09145255],[0.85946542 0.63171595],1.0,2.5679566860198975,0.2818484306335449,False,False
55,55,[-0.10536215 -0.09754863 -0.10693732 -0.09145255],[0.85924459 0.63130331],1.0,2.567995548248291,0.28185027837753296,False,False
56,56,[-0.10536215 -0.09754863 -0.10693732 -0.09145255],[0.85902369 0.63089079],1.0000001192092896,2.5680463314056396,0.28185075521469116,False,False
57,57,[-0.10536215 -0.09754863 -0.10693732 -0.09145255],[0.8588028 0.6304785],1.0000001192092896,2.5681087970733643,0.28184986114501953,False,False
58,58,[-0.10536215 -0.09754863 -0.10693732 -0.09145255],[0.8585819  0.63006639],1.0,2.5681838989257812,0.2818475067615509,False,False
59,59,[-0.10536215 -0.09754863 -0.10693732 -0.09145255],[0.85836095 0.62965453],1.0,2.568270206451416,0.2818438708782196,False,False
60,60,[-0.10536215 -0.09754863 -0.10693732 -0.09145255],[0.85813999 0.62924284],1.0,2.5683696269989014,0.28183871507644653,False,False
61,61,[-0.10536215 -0.09754863 -0.10693732 -0.09145255],[0.85791904 0.62883139],1.0,2.568480968475342,0.2818322479724884,False,False
62,62,[-0.10536215 -0.09754863 -0.10693732 -0.09145255],[0.85769802 0.62842011],0.9999999403953552,2.568603754043579,0.28182435035705566,False,False
63,63,[-0.10536215 -0.09754863 -0.10693732 -0.09145255],[0.85747701 0.62800908],1.0,2.568739414215088,0.2818150520324707,False,False
64,64,[-0.10536215 -0.09754863 -0.10693732 -0.09145255],[0.85725594 0.62759823],1.0,2.5688865184783936,0.2818043828010559,False,False
65,65,[-0.10536215 -0.09754863 -0.10693732 -0.09145255],[0.85703492 0.62718761],1.0,2.5690460205078125,0.2817922830581665,False,False
66,66,[-0.10536215 -0.09754863 -0.10693732 -0.09145255],[0.85681385 0.62677723],0.9999999403953552,2.5692179203033447,0.2817787826061249,False,False
67,67,[-0.10536215 -0.09754863 -0.10693732 -0.09145255],[0.85659271 0.62636709],1.0,2.569401979446411,0.28176388144493103,False,False
68,68,[-0.10536215 -0.09754863 -0.10693732 -0.09145255],[0.85637164 0.62595713],1.0000001192092896,2.569598436355591,0.28174757957458496,False,False
69,69,[-0.10536215 -0.09754863 -0.10693732 -0.09145255],[0.85615051 0.62554741],1.0,2.5698068141937256,0.28172987699508667,False,False
70,70,[-0.10536215 -0.09754863 -0.10693732 -0.09145255],[0.85592943 0.62513793],0.9999998807907104,2.5700273513793945,0.28171074390411377,False,False
71,71,[-0.10536215 -0.09754863 -0.10693732 -0.09145255],[0.85570824 0.62472868],0.9999999403953552,2.570260524749756,0.28169018030166626,False,False
72,72,[-0.10536215 -0.09754863 -0.10693732 -0.09145255],[0.85548711 0.62431961],0.9999999403953552,2.5705063343048096,0.28166821599006653,False,False
73,73,[-0.10536215 -0.09754863 -0.10693732 -0.09145255],[0.85526597 0.62391078],0.9999999403953552,2.5707640647888184,0.2816448509693146,False,False
74,74,[-0.10536215 -0.09754863 -0.10693732 -0.09145255],[0.85504484 0.62350225],1.0,2.5710341930389404,0.2816200852394104,False,False
75,75,[-0.10536215 -0.09754863 -0.10693732 -0.09145255],[0.85482365 0.62309384],1.0,2.571316719055176,0.28159385919570923,False,False
76,76,[-0.10536215 -0.09754863 -0.10693732 -0.09145255],[0.85460246 0.62268579],1.0,2.5716118812561035,0.28156623244285583,False,False
77,77,[-0.10536215 -0.09754863 -0.10693732 -0.09145255],[0.85438132 0.62227798],1.0,2.5719194412231445,0.28153717517852783,False,False
78,78,[-0.10536215 -0.09754863 -0.10693732 -0.09145255],[0.85416013 0.62187028],1.0,2.572239398956299,0.2815066874027252,False,False
79,79,[-0.10536215 -0.09754863 -0.10693732 -0.09145255],[0.85393894 0.62146294],1.0,2.5725719928741455,0.2814747989177704,False,False
80,80,[-0.10536215 -0.09754863 -0.10693732 -0.09145255],[0.85371774 0.62105578],1.0,2.5729169845581055,0.28144145011901855,False,False
81,81,[-0.10536215 -0.09754863 -0.10693732 -0.09145255],[0.85349655 0.62064886],1.0,2.5732743740081787,0.2814067006111145,False,False
82,82,[-0.10536215 -0.09754863 -0.10693732 -0.09145255],[0.85327542 0.62024218],1.0000001192092896,2.5736453533172607,0.28137049078941345,False,False
83,83,[-0.10536215 -0.09754863 -0.10693732 -0.09145255],[0.85305423 0.61983579],1.0,2.5740275382995605,0.2813328802585602,False,False
84,84,[-0.10536215 -0.09754863 -0.10693732 -0.09145255],[0.85283303 0.61942965],1.0,2.574423313140869,0.2812937796115875,False,False
85,85,[-0.10536215 -0.09754863 -0.10693732 -0.09145255],[0.8526119  0.61902368],1.0,2.574831485748291,0.28125330805778503,False,False
86,86,[-0.10536215 -0.09754863 -0.10693732 -0.09145255],[0.85239071 0.61861807],0.9999999403953552,2.575252056121826,0.28121134638786316,False,False
87,87,[-0.10536215 -0.09754863 -0.10693732 -0.09145255],[0.85216951 0.61821264],1.0,2.575685977935791,0.28116798400878906,False,False
88,88,[-0.10536215 -0.09754863 -0.10693732 -0.09145255],[0.85194838 0.61780751],1.0,2.57613205909729,0.28112319111824036,False,False
89,89,[-0.10536215 -0.09754863 -0.10693732 -0.09145255],[0.85172725 0.61740267],1.0,2.5765912532806396,0.28107690811157227,False,False
90,90,[-0.10536215 -0.09754863 -0.10693732 -0.09145255],[0.85150611 0.61699796],1.0,2.577064037322998,0.28102919459342957,False,False
91,91,[-0.10536215 -0.09754863 -0.10693732 -0.09145255],[0.85128498 0.6165936 ],1.0,2.5775482654571533,0.28098011016845703,False,False
92,92,[-0.10536215 -0.09754863 -0.10693732 -0.09145255],[0.85106391 0.61618948],1.0,2.5780458450317383,0.2809295058250427,False,False
93,93,[-0.10536215 -0.09754863 -0.10693732 -0.09145255],[0.85084277 0.6157856 ],1.0,2.578556537628174,0.2808774709701538,False,False
94,94,[-0.10536215 -0.09754863 -0.10693732 -0.09145255],[0.8506217  0.61538208],1.0,2.5790796279907227,0.28082403540611267,False,False
95,95,[-0.10536215 -0.09754863 -0.10693732 -0.09145255],[0.85040063 0.61497873],1.0,2.5796165466308594,0.28076907992362976,False,False
96,96,[-0.10536215 -0.09754863 -0.10693732 -0.09145255],[0.85017955 0.61457568],0.9999999403953552,2.5801661014556885,0.28071266412734985,False,False
97,97,[-0.10536215 -0.09754863 -0.10693732 -0.09145255],[0.84995854 0.61417288],1.0,2.58072829246521,0.2806548476219177,False,False
98,98,[-0.10536215 -0.09754863 -0.10693732 -0.09145255],[0.84973752 0.61377037],1.0,2.5813040733337402,0.2805955410003662,False,False
99,99,[-0.10536215 -0.09754863 -0.10693732 -0.09145255],[0.84951651 0.61336815],1.0,2.581892728805542,0.2805348038673401,False,False
100,100,[-0.10536215 -0.09754863 -0.10693732 -0.09145255],[0.8492955  0.61296618],0.9999999403953552,2.5824942588806152,0.28047263622283936,False,False
101,101,[-0.10536215 -0.09754863 -0.10693732 -0.09145255],[0.8490746  0.61256444],1.0,2.5831098556518555,0.28040894865989685,False,False
102,102,[-0.10536215 -0.09754863 -0.10693732 -0.09145255],[0.84885365 0.61216307],1.0,2.583737850189209,0.28034380078315735,False,False
103,103,[-0.10536215 -0.09754863 -0.10693732 -0.09145255],[0.84863269 0.61176193],1.0,2.584378957748413,0.2802772521972656,False,False
104,104,[-0.10536215 -0.09754863 -0.10693732 -0.09145255],[0.84841186 0.61136109],1.0,2.585033655166626,0.2802092134952545,False,False
105,105,[-0.10536215 -0.09754863 -0.10693732 -0.09145255],[0.84819102 0.61096048],1.0,2.5857019424438477,0.280139684677124,False,False
106,106,[-0.10536215 -0.09754863 -0.10693732 -0.09145255],[0.84797019 0.61056024],1.0,2.58638334274292,0.28006869554519653,False,False
107,107,[-0.10536215 -0.09754863 -0.10693732 -0.09145255],[0.84774941 0.61016023],1.0,2.5870778560638428,0.27999624609947205,False,False
108,108,[-0.10536215 -0.09754863 -0.10693732 -0.09145255],[0.84752864 0.60976052],1.0,2.5877861976623535,0.2799223065376282,False,False
109,109,[-0.10536215 -0.09754863 -0.10693732 -0.09145255],[0.84730786 0.60936111],1.0,2.5885074138641357,0.27984699606895447,False,False
110,110,[-0.10536215 -0.09754863 -0.10693732 -0.09145255],[0.84708714 0.60896194],1.0000001192092896,2.589242696762085,0.2797701358795166,False,False
111,111,[-0.10536215 -0.09754863 -0.10693732 -0.09145255],[0.84686649 0.60856313],1.0,2.5899908542633057,0.27969178557395935,False,False
112,112,[-0.10536215 -0.09754863 -0.10693732 -0.09145255],[0.84664583 0.60816455],1.0,2.5907528400421143,0.2796119749546051,False,False
113,113,[-0.10536215 -0.09754863 -0.10693732 -0.09145255],[0.84642524 0.60776633],1.0,2.5915284156799316,0.279530793428421,False,False
114,114,[-0.10536215 -0.09754863 -0.10693732 -0.09145255],[0.84620464 0.60736841],1.0000001192092896,2.592317819595337,0.279448002576828,False,False
115,115,[-0.10536215 -0.09754863 -0.10693732 -0.09145255],[0.8459841  0.60697073],1.0000001192092896,2.5931200981140137,0.27936381101608276,False,False
116,116,[-0.10536215 -0.09754863 -0.10693732 -0.09145255],[0.84576368 0.60657334],1.0000001192092896,2.593937397003174,0.27927809953689575,False,False
117,117,[-0.10536215 -0.09754863 -0.10693732 -0.09145255],[0.84554321 0.60617638],1.0000001192092896,2.5947673320770264,0.27919092774391174,False,False
118,118,[-0.10536215 -0.09754863 -0.10693732 -0.09145255],[0.84532279 0.60577959],0.9999999403953552,2.595611333847046,0.27910223603248596,False,False
119,119,[-0.10536215 -0.09754863 -0.10693732 -0.09145255],[0.84510243 0.60538316],1.0,2.5964691638946533,0.27901211380958557,False,False
120,120,[-0.10536215 -0.09754863 -0.10693732 -0.09145255],[0.84488207 0.60498697],1.0000001192092896,2.5973410606384277,0.2789205014705658,False,False
121,121,[-0.10536215 -0.09754863 -0.10693732 -0.09145255],[0.84466177 0.60459119],0.9999999403953552,2.598226308822632,0.278827428817749,False,False
122,122,[-0.10536215 -0.09754863 -0.10693732 -0.09145255],[0.84444153 0.60419565],1.0,2.599126100540161,0.2787328362464905,False,False
123,123,[-0.10536215 -0.09754863 -0.10693732 -0.09145255],[0.84422135 0.60380042],0.9999999403953552,2.600039482116699,0.2786368131637573,False,False
124,124,[-0.10536215 -0.09754863 -0.10693732 -0.09145255],[0.84400123 0.60340554],1.0,2.6009674072265625,0.2785392105579376,False,False
125,125,[-0.10536215 -0.09754863 -0.10693732 -0.09145255],[0.84378111 0.60301101],1.0,2.6019086837768555,0.2784401774406433,False,False
126,126,[-0.10536215 -0.09754863 -0.10693732 -0.09145255],[0.84356111 0.60261667],1.0,2.6028645038604736,0.2783396542072296,False,False
127,127,[-0.10536215 -0.09754863 -0.10693732 -0.09145255],[0.84334111 0.6022228 ],1.0,2.6038341522216797,0.2782376706600189,False,False
128,128,[-0.10536215 -0.09754863 -0.10693732 -0.09145255],[0.84312117 0.60182911],1.0,2.60481858253479,0.2781341075897217,False,False
129,129,[-0.10536215 -0.09754863 -0.10693732 -0.09145255],[0.84290123 0.60143578],1.0,2.605816125869751,0.2780291736125946,False,False
130,130,[-0.10536215 -0.09754863 -0.10693732 -0.09145255],[0.84268147 0.60104287],1.0,2.6068291664123535,0.277922660112381,False,False
131,131,[-0.10536215 -0.09754863 -0.10693732 -0.09145255],[0.84246171 0.60065019],0.9999999403953552,2.6078555583953857,0.277814656496048,False,False
132,132,[-0.10536215 -0.09754863 -0.10693732 -0.09145255],[0.84224194 0.60025787],0.9999999403953552,2.6088967323303223,0.27770519256591797,False,False
133,133,[-0.10536215 -0.09754863 -0.10693732 -0.09145255],[0.8420223  0.59986591],0.9999999403953552,2.609952211380005,0.2775942385196686,False,False
134,134,[-0.10536215 -0.09754863 -0.10693732 -0.09145255],[0.84180272 0.59947425],1.0,2.61102294921875,0.27748170495033264,False,False
135,135,[-0.10536215 -0.09754863 -0.10693732 -0.09145255],[0.84158313 0.59908295],1.0,2.6121068000793457,0.27736783027648926,False,False
136,136,[-0.10536215 -0.09754863 -0.10693732 -0.09145255],[0.84136367 0.59869182],1.0000001192092896,2.613205909729004,0.2772523760795593,False,False
137,137,[-0.10536215 -0.09754863 -0.10693732 -0.09145255],[0.84114426 0.59830117],0.9999999403953552,2.614319324493408,0.27713537216186523,False,False
138,138,[-0.10536215 -0.09754863 -0.10693732 -0.09145255],[0.84092492 0.59791088],1.0000001192092896,2.615447998046875,0.27701690793037415,False,False
139,139,[-0.10536215 -0.09754863 -0.10693732 -0.09145255],[0.84070563 0.59752083],0.9999999403953552,2.616590976715088,0.2768969237804413,False,False
140,140,[-0.10536215 -0.09754863 -0.10693732 -0.09145255],[0.84048641 0.59713125],0.9999999403953552,2.617748260498047,0.2767754793167114,False,False
141,141,[-0.10536215 -0.09754863 -0.10693732 -0.09145255],[0.8402673 0.5967418],1.0,2.6189210414886475,0.2766525447368622,False,False
142,142,[-0.10536215 -0.09754863 -0.10693732 -0.09145255],[0.84004819 0.59635288],1.0000001192092896,2.6201083660125732,0.27652809023857117,False,False
143,143,[-0.10536215 -0.09754863 -0.10693732 -0.09145255],[0.83982921 0.59596425],1.0,2.6213104724884033,0.2764021158218384,False,False
144,144,[-0.10536215 -0.09754863 -0.10693732 -0.09145255],[0.83961028 0.59557593],1.0,2.622527837753296,0.2762746214866638,False,False
145,145,[-0.10536215 -0.09754863 -0.10693732 -0.09145255],[0.83939135 0.59518802],1.0,2.6237592697143555,0.27614566683769226,False,False
146,146,[-0.10536215 -0.09754863 -0.10693732 -0.09145255],[0.8391726  0.59480041],1.0,2.625006675720215,0.27601519227027893,False,False
147,147,[-0.10536215 -0.09754863 -0.10693732 -0.09145255],[0.83895385 0.59441316],1.0,2.6262688636779785,0.27588316798210144,False,False
148,148,[-0.10536215 -0.09754863 -0.10693732 -0.09145255],[0.83873522 0.59402627],1.0,2.627546548843384,0.27574968338012695,False,False
149,149,[-0.10536215 -0.09754863 -0.10693732 -0.09145255],[0.83851665 0.59363973],1.0,2.628838300704956,0.2756146788597107,False,False
150,150,[-0.10536215 -0.09754863 -0.10693732 -0.09145255],[0.8382982  0.59325349],1.0,2.6301462650299072,0.27547815442085266,False,False
151,151,[-0.10536215 -0.09754863 -0.10693732 -0.09145255],[0.83807981 0.59286773],0.9999999403953552,2.6314687728881836,0.27534016966819763,False,False
152,152,[-0.10536215 -0.09754863 -0.10693732 -0.09145255],[0.83786142 0.59248221],1.0,2.6328072547912598,0.27520060539245605,False,False
153,153,[-0.10536215 -0.09754863 -0.10693732 -0.09145255],[0.83764321 0.59209716],1.0000001192092896,2.6341612339019775,0.2750595808029175,False,False
154,154,[-0.10536215 -0.09754863 -0.10693732 -0.09145255],[0.83742505 0.59171236],1.0,2.6355299949645996,0.27491703629493713,False,False
155,155,[-0.10536215 -0.09754863 -0.10693732 -0.09145255],[0.83720696 0.59132802],1.0,2.6369147300720215,0.2747729420661926,False,False
156,156,[-0.10536215 -0.09754863 -0.10693732 -0.09145255],[0.83698905 0.59094405],1.0,2.638315200805664,0.27462732791900635,False,False
157,157,[-0.10536215 -0.09754863 -0.10693732 -0.09145255],[0.83677113 0.59056032],1.0,2.639730930328369,0.27448025345802307,False,False
158,158,[-0.10536215 -0.09754863 -0.10693732 -0.09145255],[0.83655334 0.59017706],1.0,2.641162872314453,0.27433162927627563,False,False
159,159,[-0.10536215 -0.09754863 -0.10693732 -0.09145255],[0.83633554 0.58979416],1.0,2.6426093578338623,0.2741815745830536,False,False
160,160,[-0.10536215 -0.09754863 -0.10693732 -0.09145255],[0.83611792 0.58941162],1.0,2.6440722942352295,0.2740299105644226,False,False
161,161,[-0.10536215 -0.09754863 -0.10693732 -0.09145255],[0.83590037 0.58902943],1.0,2.6455514430999756,0.27387675642967224,False,False
162,162,[-0.10536215 -0.09754863 -0.10693732 -0.09145255],[0.83568287 0.5886476 ],1.0,2.6470460891723633,0.2737221121788025,False,False
163,163,[-0.10536215 -0.09754863 -0.10693732 -0.09145255],[0.83546555 0.58826613],0.9999999403953552,2.64855694770813,0.2735658884048462,False,False
164,164,[-0.10536215 -0.09754863 -0.10693732 -0.09145255],[0.83524829 0.58788514],1.0,2.6500837802886963,0.2734082043170929,False,False
165,165,[-0.10536215 -0.09754863 -0.10693732 -0.09145255],[0.83503109 0.58750445],0.9999999403953552,2.6516263484954834,0.2732490003108978,False,False
166,166,[-0.10536215 -0.09754863 -0.10693732 -0.09145255],[0.83481407 0.58712417],1.0000001192092896,2.6531856060028076,0.2730882465839386,False,False
167,167,[-0.10536215 -0.09754863 -0.10693732 -0.09145255],[0.83459705 0.58674431],1.0,2.6547605991363525,0.2729259729385376,False,False
168,168,[-0.10536215 -0.09754863 -0.10693732 -0.09145255],[0.83438021 0.58636475],1.0,2.6563520431518555,0.2727621793746948,False,False
169,169,[-0.10536215 -0.09754863 -0.10693732 -0.09145255],[0.83416343 0.5859856 ],0.9999999403953552,2.657959461212158,0.27259692549705505,False,False
170,170,[-0.10536215 -0.09754863 -0.10693732 -0.09145255],[0.83394676 0.58560681],1.0,2.6595840454101562,0.2724301218986511,False,False
171,171,[-0.10536215 -0.09754863 -0.10693732 -0.09145255],[0.83373022 0.58522844],1.0,2.661224842071533,0.27226170897483826,False,False
172,172,[-0.10536215 -0.09754863 -0.10693732 -0.09145255],[0.83351374 0.58485049],1.0000001192092896,2.662881851196289,0.27209189534187317,False,False
173,173,[-0.10536215 -0.09754863 -0.10693732 -0.09145255],[0.83329737 0.58447289],1.0,2.664555549621582,0.27192050218582153,False,False
174,174,[-0.10536215 -0.09754863 -0.10693732 -0.09145255],[0.83308113 0.58409572],1.0,2.666245937347412,0.2717475891113281,False,False
175,175,[-0.10536215 -0.09754863 -0.10693732 -0.09145255],[0.832865   0.58371896],1.0000001192092896,2.6679534912109375,0.27157315611839294,False,False
176,176,[-0.10536215 -0.09754863 -0.10693732 -0.09145255],[0.83264899 0.58334255],1.0000001192092896,2.6696770191192627,0.27139726281166077,False,False
177,177,[-0.10536215 -0.09754863 -0.10693732 -0.09145255],[0.8324331  0.58296657],1.0,2.6714179515838623,0.27121973037719727,False,False
178,178,[-0.10536215 -0.09754863 -0.10693732 -0.09145255],[0.83221728 0.58259094],1.0,2.673175573348999,0.27104073762893677,False,False
179,179,[-0.10536215 -0.09754863 -0.10693732 -0.09145255],[0.83200157 0.58221573],0.9999999403953552,2.674950122833252,0.2708602547645569,False,False
180,180,[-0.10536215 -0.09754863 -0.10693732 -0.09145255],[0.83178598 0.58184087],1.0,2.676741600036621,0.27067822217941284,False,False
181,181,[-0.10536215 -0.09754863 -0.10693732 -0.09145255],[0.83157057 0.58146656],1.0,2.6785507202148438,0.27049463987350464,False,False
182,182,[-0.10536215 -0.09754863 -0.10693732 -0.09145255],[0.83135521 0.58109254],0.9999999403953552,2.6803762912750244,0.27030956745147705,False,False
183,183,[-0.10536215 -0.09754863 -0.10693732 -0.09145255],[0.83113998 0.58071893],1.0,2.682219982147217,0.2701229155063629,False,False
184,184,[-0.10536215 -0.09754863 -0.10693732 -0.09145255],[0.83092487 0.58034575],1.0000001192092896,2.6840808391571045,0.2699348032474518,False,False
185,185,[-0.10536215 -0.09754863 -0.10693732 -0.09145255],[0.83070993 0.57997298],0.9999999403953552,2.6859583854675293,0.2697451412677765,False,False
186,186,[-0.10536215 -0.09754863 -0.10693732 -0.09145255],[0.830495   0.57960069],1.0,2.687854290008545,0.26955392956733704,False,False
187,187,[-0.10536215 -0.09754863 -0.10693732 -0.09145255],[0.8302803  0.57922876],0.9999999403953552,2.6897671222686768,0.2693612277507782,False,False
188,188,[-0.10536215 -0.09754863 -0.10693732 -0.09145255],[0.83006567 0.57885724],0.9999999403953552,2.691697835922241,0.2691669762134552,False,False
189,189,[-0.10536215 -0.09754863 -0.10693732 -0.09145255],[0.82985121 0.57848608],1.0000001192092896,2.6936464309692383,0.2689712345600128,False,False
190,190,[-0.10536215 -0.09754863 -0.10693732 -0.09145255],[0.82963681 0.57811546],1.0,2.6956124305725098,0.26877397298812866,False,False
191,191,[-0.10536215 -0.09754863 -0.10693732 -0.09145255],[0.82942265 0.5777452 ],1.0,2.697596788406372,0.2685750722885132,False,False
192,192,[-0.10536215 -0.09754863 -0.10693732 -0.09145255],[0.82920849 0.57737529],1.0,2.699599027633667,0.2683747410774231,False,False
193,193,[-0.10536215 -0.09754863 -0.10693732 -0.09145255],[0.82899451 0.57700586],1.0,2.7016189098358154,0.2681729197502136,False,False
194,194,[-0.10536215 -0.09754863 -0.10693732 -0.09145255],[0.82878065 0.57663691],1.0,2.7036569118499756,0.2679694890975952,False,False
195,195,[-0.10536215 -0.09754863 -0.10693732 -0.09145255],[0.82856697 0.57626832],1.0000001192092896,2.7057132720947266,0.2677645981311798,False,False
196,196,[-0.10536215 -0.09754863 -0.10693732 -0.09145255],[0.8283534 0.5759002],1.0,2.70778751373291,0.26755815744400024,False,False
197,197,[-0.10536215 -0.09754863 -0.10693732 -0.09145255],[0.82813996 0.57553244],1.0,2.7098805904388428,0.2673501968383789,False,False
198,198,[-0.10536215 -0.09754863 -0.10693732 -0.09145255],[0.82792664 0.57516515],0.9999999403953552,2.711991786956787,0.267140656709671,False,False
199,199,[-0.10536215 -0.09754863 -0.10693732 -0.09145255],[0.82771349 0.57479835],1.0,2.7141218185424805,0.26692959666252136,False,False
200,200,[-0.10536215 -0.09754863 -0.10693732 -0.09145255],[0.82750046 0.5744319 ],1.0,2.7162702083587646,0.2667170763015747,False,False
201,201,[-0.10536215 -0.09754863 -0.10693732 -0.09145255],[0.82728761 0.57406592],0.9999999403953552,2.7184371948242188,0.2665029466152191,False,False
202,202,[-0.10536215 -0.09754863 -0.10693732 -0.09145255],[0.82707489 0.57370037],0.9999999403953552,2.720623016357422,0.26628735661506653,False,False
203,203,[-0.10536215 -0.09754863 -0.10693732 -0.09145255],[0.82686228 0.57333523],1.0,2.722827911376953,0.2660702168941498,False,False
204,204,[-0.10536215 -0.09754863 -0.10693732 -0.09145255],[0.82664984 0.57297057],0.9999999403953552,2.725051164627075,0.26585155725479126,False,False
205,205,[-0.10536215 -0.09754863 -0.10693732 -0.09145255],[0.82643747 0.57260633],1.0,2.7272934913635254,0.26563137769699097,False,False
206,206,[-0.10536215 -0.09754863 -0.10693732 -0.09145255],[0.8262254  0.57224256],0.9999999403953552,2.729555606842041,0.26540958881378174,False,False
207,207,[-0.10536215 -0.09754863 -0.10693732 -0.09145255],[0.82601333 0.57187921],1.0,2.7318365573883057,0.2651863992214203,False,False
208,208,[-0.10536215 -0.09754863 -0.10693732 -0.09145255],[0.82580149 0.57151634],1.0000001192092896,2.7341368198394775,0.2649616003036499,False,False
209,209,[-0.10536215 -0.09754863 -0.10693732 -0.09145255],[0.82558978 0.57115388],1.0,2.7364559173583984,0.26473531126976013,False,False
210,210,[-0.10536215 -0.09754863 -0.10693732 -0.09145255],[0.82537818 0.5707919 ],1.0,2.7387948036193848,0.2645074725151062,False,False
211,211,[-0.10536215 -0.09754863 -0.10693732 -0.09145255],[0.82516682 0.57043028],1.0000001192092896,2.7411539554595947,0.2642780840396881,False,False
212,212,[-0.10536215 -0.09754863 -0.10693732 -0.09145255],[0.82495558 0.57006925],1.0000001192092896,2.743532180786133,0.2640472650527954,False,False
213,213,[-0.10536215 -0.09754863 -0.10693732 -0.09145255],[0.82474446 0.56970859],1.0,2.745929718017578,0.2638148367404938,False,False
214,214,[-0.10536215 -0.09754863 -0.10693732 -0.09145255],[0.82453358 0.56934839],1.0,2.748347520828247,0.26358088850975037,False,False
215,215,[-0.10536215 -0.09754863 -0.10693732 -0.09145255],[0.82432276 0.56898868],0.9999999403953552,2.7507848739624023,0.2633454203605652,False,False
216,216,[-0.10536215 -0.09754863 -0.10693732 -0.09145255],[0.82411218 0.56862938],1.0,2.7532427310943604,0.2631084620952606,False,False
217,217,[-0.10536215 -0.09754863 -0.10693732 -0.09145255],[0.82390165 0.56827056],1.0,2.755720615386963,0.2628699243068695,False,False
218,218,[-0.10536215 -0.09754863 -0.10693732 -0.09145255],[0.82369137 0.56791222],0.9999999403953552,2.758218288421631,0.262629896402359,False,False
219,219,[-0.10536215 -0.09754863 -0.10693732 -0.09145255],[0.82348126 0.56755435],1.0,2.7607369422912598,0.26238834857940674,False,False
220,220,[-0.10536215 -0.09754863 -0.10693732 -0.09145255],[0.82327127 0.56719691],0.9999999403953552,2.763275623321533,0.2621452510356903,False,False
221,221,[-0.10536215 -0.09754863 -0.10693732 -0.09145255],[0.82306147 0.56683993],1.0,2.765834331512451,0.2619006931781769,False,False
222,222,[-0.10536215 -0.09754863 -0.10693732 -0.09145255],[0.82285184 0.56648344],1.0,2.7684147357940674,0.2616545259952545,False,False
223,223,[-0.10536215 -0.09754863 -0.10693732 -0.09145255],[0.82264239 0.56612742],1.0,2.771014928817749,0.26140686869621277,False,False
224,224,[-0.10536215 -0.09754863 -0.10693732 -0.09145255],[0.82243311 0.56577188],1.0,2.7736363410949707,0.26115766167640686,False,False
225,225,[-0.10536215 -0.09754863 -0.10693732 -0.09145255],[0.82222396 0.56541681],1.0,2.7762787342071533,0.26090702414512634,False,False
226,226,[-0.10536215 -0.09754863 -0.10693732 -0.09145255],[0.82201505 0.56506217],0.9999998807907104,2.7789418697357178,0.2606547474861145,False,False
227,227,[-0.10536215 -0.09754863 -0.10693732 -0.09145255],[0.82180619 0.56470805],0.9999999403953552,2.7816264629364014,0.26040101051330566,False,False
228,228,[-0.10536215 -0.09754863 -0.10693732 -0.09145255],[0.82159764 0.56435442],1.0,2.784332275390625,0.26014572381973267,False,False
229,229,[-0.10536215 -0.09754863 -0.10693732 -0.09145255],[0.8213892 0.5640012],0.9999999403953552,2.7870593070983887,0.2598889172077179,False,False
230,230,[-0.10536215 -0.09754863 -0.10693732 -0.09145255],[0.82118094 0.56364852],1.0,2.7898080348968506,0.25963059067726135,False,False
231,231,[-0.10536215 -0.09754863 -0.10693732 -0.09145255],[0.82097292 0.56329626],0.9999999403953552,2.7925775051116943,0.2593707740306854,False,False
232,232,[-0.10536215 -0.09754863 -0.10693732 -0.09145255],[0.82076496 0.56294453],1.0,2.7953693866729736,0.2591094672679901,False,False
233,233,[-0.10536215 -0.09754863 -0.10693732 -0.09145255],[0.8205573  0.56259328],1.0,2.798182964324951,0.25884655117988586,False,False
234,234,[-0.10536215 -0.09754863 -0.10693732 -0.09145255],[0.82034969 0.56224251],1.0,2.801018238067627,0.258582204580307,False,False
235,235,[-0.10536215 -0.09754863 -0.10693732 -0.09145255],[0.82014239 0.56189221],1.0000001192092896,2.8038761615753174,0.2583162784576416,False,False
236,236,[-0.10536215 -0.09754863 -0.10693732 -0.09145255],[0.8199352  0.56154245],0.9999999403953552,2.806755304336548,0.2580488324165344,False,False
237,237,[-0.10536215 -0.09754863 -0.10693732 -0.09145255],[0.81972826 0.56119311],1.0,2.809657573699951,0.25777989625930786,False,False
238,238,[-0.10536215 -0.09754863 -0.10693732 -0.09145255],[0.81952143 0.5608443 ],1.0,2.8125815391540527,0.2575094401836395,False,False
239,239,[-0.10536215 -0.09754863 -0.10693732 -0.09145255],[0.8193149  0.56049597],1.0,2.815528392791748,0.25723743438720703,False,False
240,240,[-0.10536215 -0.09754863 -0.10693732 -0.09145255],[0.81910849 0.56014818],0.9999999403953552,2.818497657775879,0.25696393847465515,False,False
241,241,[-0.10536215 -0.09754863 -0.10693732 -0.09145255],[0.81890225 0.55980086],1.0,2.8214895725250244,0.2566889226436615,False,False
242,242,[-0.10536215 -0.09754863 -0.10693732 -0.09145255],[0.8186962  0.55945396],1.0,2.8245043754577637,0.25641241669654846,False,False
243,243,[-0.10536215 -0.09754863 -0.10693732 -0.09145255],[0.81849039 0.55910766],1.0,2.827542781829834,0.2561343014240265,False,False
244,244,[-0.10536215 -0.09754863 -0.10693732 -0.09145255],[0.81828475 0.55876184],0.9999999403953552,2.8306033611297607,0.2558547854423523,False,False
245,245,[-0.10536215 -0.09754863 -0.10693732 -0.09145255],[0.81807935 0.55841649],1.0,2.8336877822875977,0.25557371973991394,False,False
246,246,[-0.10536215 -0.09754863 -0.10693732 -0.09145255],[0.81787407 0.55807167],0.9999999403953552,2.836794853210449,0.2552911341190338,False,False
247,247,[-0.10536215 -0.09754863 -0.10693732 -0.09145255],[0.81766903 0.55772734],1.0,2.8399264812469482,0.2550070285797119,False,False
248,248,[-0.10536215 -0.09754863 -0.10693732 -0.09145255],[0.81746423 0.55738354],1.0,2.84308123588562,0.25472140312194824,False,False
249,249,[-0.10536215 -0.09754863 -0.10693732 -0.09145255],[0.81725955 0.55704021],1.0000001192092896,2.846259593963623,0.2544342577457428,False,False
250,250,[-0.10536215 -0.09754863 -0.10693732 -0.09145255],[0.81705511 0.55669737],1.0,2.8494620323181152,0.25414562225341797,False,False
251,251,[-0.10536215 -0.09754863 -0.10693732 -0.09145255],[0.8168509  0.55635512],0.9999999403953552,2.8526880741119385,0.25385549664497375,False,False
252,252,[-0.10536215 -0.09754863 -0.10693732 -0.09145255],[0.81664687 0.55601335],1.0,2.855938673019409,0.25356385111808777,False,False
253,253,[-0.10536215 -0.09754863 -0.10693732 -0.09145255],[0.81644303 0.55567205],1.0,2.859213352203369,0.25327068567276,False,False
254,254,[-0.10536215 -0.09754863 -0.10693732 -0.09145255],[0.81623942 0.55533135],1.0,2.8625123500823975,0.2529760003089905,False,False
255,255,[-0.10536215 -0.09754863 -0.10693732 -0.09145255],[0.81603599 0.55499113],1.0000001192092896,2.8658363819122314,0.25267982482910156,False,False
256,256,[-0.10536215 -0.09754863 -0.10693732 -0.09145255],[0.81583279 0.55465138],0.9999999403953552,2.8691837787628174,0.25238218903541565,False,False
257,257,[-0.10536215 -0.09754863 -0.10693732 -0.09145255],[0.81562984 0.55431211],0.9999998807907104,2.8725569248199463,0.2520830035209656,False,False
258,258,[-0.10536215 -0.09754863 -0.10693732 -0.09145255],[0.81542706 0.55397344],1.0000001192092896,2.87595534324646,0.25178226828575134,False,False
259,259,[-0.10536215 -0.09754863 -0.10693732 -0.09145255],[0.81522453 0.55363536],1.0,2.8793790340423584,0.2514800429344177,False,False
260,260,[-0.10536215 -0.09754863 -0.10693732 -0.09145255],[0.81502217 0.5532977 ],1.0,2.8828272819519043,0.2511763870716095,False,False
261,261,[-0.10536215 -0.09754863 -0.10693732 -0.09145255],[0.81482005 0.55296063],1.0000001192092896,2.886301040649414,0.2508712410926819,False,False
262,262,[-0.10536215 -0.09754863 -0.10693732 -0.09145255],[0.81461817 0.55262405],0.9999999403953552,2.8898003101348877,0.2505645155906677,False,False
263,263,[-0.10536215 -0.09754863 -0.10693732 -0.09145255],[0.81441647 0.55228794],1.0000001192092896,2.8933258056640625,0.2502562999725342,False,False
264,264,[-0.10536215 -0.09754863 -0.10693732 -0.09145255],[0.814215   0.55195242],1.0,2.8968770503997803,0.24994657933712006,False,False
265,265,[-0.10536215 -0.09754863 -0.10693732 -0.09145255],[0.81401372 0.55161744],1.0,2.900453805923462,0.24963538348674774,False,False
266,266,[-0.10536215 -0.09754863 -0.10693732 -0.09145255],[0.81381273 0.551283  ],0.9999998807907104,2.9040565490722656,0.24932271242141724,False,False
267,267,[-0.10536215 -0.09754863 -0.10693732 -0.09145255],[0.81361198 0.5509491 ],1.0,2.907686948776245,0.24900846183300018,False,False
268,268,[-0.10536215 -0.09754863 -0.10693732 -0.09145255],[0.81341136 0.55061567],1.0,2.9113423824310303,0.2486928105354309,False,False
269,269,[-0.10536215 -0.09754863 -0.10693732 -0.09145255],[0.81321102 0.55028284],0.9999999403953552,2.915024757385254,0.24837563931941986,False,False
270,270,[-0.10536215 -0.09754863 -0.10693732 -0.09145255],[0.81301093 0.54995054],1.0000001192092896,2.9187347888946533,0.24805691838264465,False,False
271,271,[-0.10536215 -0.09754863 -0.10693732 -0.09145255],[0.81281102 0.54961872],1.0,2.922470808029175,0.24773676693439484,False,False
272,272,[-0.10536215 -0.09754863 -0.10693732 -0.09145255],[0.81261134 0.5492875 ],1.0,2.926234245300293,0.24741512537002563,False,False
273,273,[-0.10536215 -0.09754863 -0.10693732 -0.09145255],[0.81241202 0.54895681],1.0,2.9300248622894287,0.24709193408489227,False,False
274,274,[-0.10536215 -0.09754863 -0.10693732 -0.09145255],[0.81221277 0.54862666],1.0,2.9338433742523193,0.24676728248596191,False,False
275,275,[-0.10536215 -0.09754863 -0.10693732 -0.09145255],[0.81201386 0.54829705],0.9999998807907104,2.9376885890960693,0.24644117057323456,False,False
276,276,[-0.10536215 -0.09754863 -0.10693732 -0.09145255],[0.81181514 0.54796803],1.0,2.9415628910064697,0.24611353874206543,False,False
277,277,[-0.10536215 -0.09754863 -0.10693732 -0.09145255],[0.81161666 0.54763949],1.0000001192092896,2.9454641342163086,0.2457844465970993,False,False
278,278,[-0.10536215 -0.09754863 -0.10693732 -0.09145255],[0.81141841 0.54731154],0.9999999403953552,2.9493935108184814,0.2454538494348526,False,False
279,279,[-0.10536215 -0.09754863 -0.10693732 -0.09145255],[0.81122041 0.54698408],1.0000001192092896,2.9533517360687256,0.2451217770576477,False,False
280,280,[-0.10536215 -0.09754863 -0.10693732 -0.09145255],[0.81102264 0.54665726],1.0,2.9573378562927246,0.24478822946548462,False,False
281,281,[-0.10536215 -0.09754863 -0.10693732 -0.09145255],[0.81082511 0.54633093],1.0,2.961353063583374,0.24445317685604095,False,False
282,282,[-0.10536215 -0.09754863 -0.10693732 -0.09145255],[0.81062782 0.54600525],0.9999999403953552,2.9653964042663574,0.2441166639328003,False,False
283,283,[-0.10536215 -0.09754863 -0.10693732 -0.09145255],[0.81043088 0.54568005],1.0,2.9694700241088867,0.24377863109111786,False,False
284,284,[-0.10536215 -0.09754863 -0.10693732 -0.09145255],[0.81023407 0.54535538],0.9999999403953552,2.97357177734375,0.24343915283679962,False,False
285,285,[-0.10536215 -0.09754863 -0.10693732 -0.09145255],[0.81003749 0.54503131],1.0000001192092896,2.977703094482422,0.2430982142686844,False,False
286,286,[-0.10536215 -0.09754863 -0.10693732 -0.09145255],[0.80984122 0.54470778],0.9999999403953552,2.9818637371063232,0.24275577068328857,False,False
287,287,[-0.10536215 -0.09754863 -0.10693732 -0.09145255],[0.80964524 0.54438484],1.0000001192092896,2.9860551357269287,0.24241185188293457,False,False
288,288,[-0.10536215 -0.09754863 -0.10693732 -0.09145255],[0.80944943 0.54406244],1.0,2.9902756214141846,0.24206647276878357,False,False
289,289,[-0.10536215 -0.09754863 -0.10693732 -0.09145255],[0.80925393 0.54374063],1.0,2.9945263862609863,0.24171960353851318,False,False
290,290,[-0.10536215 -0.09754863 -0.10693732 -0.09145255],[0.80905867 0.54341936],1.0,2.998807668685913,0.2413712739944458,False,False
291,291,[-0.10536215 -0.09754863 -0.10693732 -0.09145255],[0.80886358 0.54309869],1.0,3.0031187534332275,0.241021528840065,False,False
292,292,[-0.10536215 -0.09754863 -0.10693732 -0.09145255],[0.80866885 0.54277855],0.9999999403953552,3.0074615478515625,0.24067021906375885,False,False
293,293,[-0.10536215 -0.09754863 -0.10693732 -0.09145255],[0.80847436 0.54245901],0.9999999403953552,3.0118348598480225,0.2403174489736557,False,False
294,294,[-0.10536215 -0.09754863 -0.10693732 -0.09145255],[0.80828011 0.54214007],0.9999999403953552,3.0162389278411865,0.23996327817440033,False,False
295,295,[-0.10536215 -0.09754863 -0.10693732 -0.09145255],[0.80808616 0.5418216 ],1.0,3.0206754207611084,0.23960760235786438,False,False
296,296,[-0.10536215 -0.09754863 -0.10693732 -0.09145255],[0.80789238 0.54150379],1.0,3.0251424312591553,0.23925048112869263,False,False
297,297,[-0.10536215 -0.09754863 -0.10693732 -0.09145255],[0.80769897 0.54118657],1.0,3.029641628265381,0.23889188468456268,False,False
298,298,[-0.10536215 -0.09754863 -0.10693732 -0.09145255],[0.80750573 0.54086989],0.9999999403953552,3.034172296524048,0.23853184282779694,False,False
299,299,[-0.10536215 -0.09754863 -0.10693732 -0.09145255],[0.80731273 0.54055375],0.9999999403953552,3.0387351512908936,0.238170325756073,False,False
300,300,[-0.10536215 -0.09754863 -0.10693732 -0.09145255],[0.80712014 0.54023826],1.0,3.0433313846588135,0.23780733346939087,False,False
301,301,[-0.10536215 -0.09754863 -0.10693732 -0.09145255],[0.80692774 0.53992331],1.0000001192092896,3.047960042953491,0.23744286596775055,False,False
302,302,[-0.10536215 -0.09754863 -0.10693732 -0.09145255],[0.80673563 0.53960896],1.0,3.0526204109191895,0.2370770126581192,False,False
303,303,[-0.10536215 -0.09754863 -0.10693732 -0.09145255],[0.80654377 0.5392952 ],1.0,3.057314872741699,0.23670963943004608,False,False
304,304,[-0.10536215 -0.09754863 -0.10693732 -0.09145255],[0.80635214 0.53898203],1.0,3.062041759490967,0.23634085059165955,False,False
305,305,[-0.10536215 -0.09754863 -0.10693732 -0.09145255],[0.80616087 0.53866941],0.9999999403953552,3.066802740097046,0.2359706163406372,False,False
306,306,[-0.10536215 -0.09754863 -0.10693732 -0.09145255],[0.80596983 0.53835738],1.0,3.0715973377227783,0.23559890687465668,False,False
307,307,[-0.10536215 -0.09754863 -0.10693732 -0.09145255],[0.80577904 0.53804594],1.0,3.076425552368164,0.23522578179836273,False,False
308,308,[-0.10536215 -0.09754863 -0.10693732 -0.09145255],[0.8055886  0.53773516],1.0,3.0812885761260986,0.2348511666059494,False,False
309,309,[-0.10536215 -0.09754863 -0.10693732 -0.09145255],[0.80539834 0.53742492],0.9999999403953552,3.0861856937408447,0.23447515070438385,False,False
310,310,[-0.10536215 -0.09754863 -0.10693732 -0.09145255],[0.80520844 0.53711522],1.0,3.0911173820495605,0.2340976446866989,False,False
311,311,[-0.10536215 -0.09754863 -0.10693732 -0.09145255],[0.80501878 0.53680623],0.9999999403953552,3.096083641052246,0.23371875286102295,False,False
312,312,[-0.10536215 -0.09754863 -0.10693732 -0.09145255],[0.80482948 0.53649771],0.9999999403953552,3.101085662841797,0.2333383709192276,False,False
313,313,[-0.10536215 -0.09754863 -0.10693732 -0.09145255],[0.80464035 0.53618991],1.0,3.1061227321624756,0.23295658826828003,False,False
314,314,[-0.10536215 -0.09754863 -0.10693732 -0.09145255],[0.80445158 0.53588259],1.0,3.111196279525757,0.23257330060005188,False,False
315,315,[-0.10536215 -0.09754863 -0.10693732 -0.09145255],[0.80426306 0.53557599],1.0,3.116304397583008,0.2321886271238327,False,False
316,316,[-0.10536215 -0.09754863 -0.10693732 -0.09145255],[0.80407482 0.53526986],1.0,3.1214494705200195,0.2318025529384613,False,False
317,317,[-0.10536215 -0.09754863 -0.10693732 -0.09145255],[0.80388689 0.53496444],1.0,3.1266307830810547,0.23141498863697052,False,False
318,318,[-0.10536215 -0.09754863 -0.10693732 -0.09145255],[0.80369925 0.53465962],0.9999999403953552,3.1318485736846924,0.23102600872516632,False,False
319,319,[-0.10536215 -0.09754863 -0.10693732 -0.09145255],[0.80351198 0.5343554 ],1.0,3.137104034423828,0.2306355983018875,False,False
320,320,[-0.10536215 -0.09754863 -0.10693732 -0.09145255],[0.80332482 0.53405166],0.9999999403953552,3.1423957347869873,0.2302437722682953,False,False
321,321,[-0.10536215 -0.09754863 -0.10693732 -0.09145255],[0.80313808 0.53374875],0.9999999403953552,3.1477251052856445,0.22985051572322845,False,False
322,322,[-0.10536215 -0.09754863 -0.10693732 -0.09145255],[0.80295157 0.53344625],1.0,3.153092384338379,0.2294558435678482,False,False
323,323,[-0.10536215 -0.09754863 -0.10693732 -0.09145255],[0.80276543 0.53314447],0.9999999403953552,3.1584975719451904,0.22905972599983215,False,False
324,324,[-0.10536215 -0.09754863 -0.10693732 -0.09145255],[0.80257952 0.53284323],1.0,3.1639413833618164,0.22866220772266388,False,False
325,325,[-0.10536215 -0.09754863 -0.10693732 -0.09145255],[0.80239397 0.53254271],0.9999999403953552,3.1694235801696777,0.2282632291316986,False,False
326,326,[-0.10536215 -0.09754863 -0.10693732 -0.09145255],[0.80220872 0.53224272],1.0,3.1749446392059326,0.22786284983158112,False,False
327,327,[-0.10536215 -0.09754863 -0.10693732 -0.09145255],[0.80202371 0.53194338],1.0,3.180504560470581,0.2274610847234726,False,False
328,328,[-0.10536215 -0.09754863 -0.10693732 -0.09145255],[0.80183899 0.53164458],1.0000001192092896,3.1861040592193604,0.22705790400505066,False,False
329,329,[-0.10536215 -0.09754863 -0.10693732 -0.09145255],[0.8016547 0.5313465],1.0,3.1917431354522705,0.2266532927751541,False,False
330,330,[-0.10536215 -0.09754863 -0.10693732 -0.09145255],[0.80147058 0.53104901],1.0,3.1974222660064697,0.22624726593494415,False,False
331,331,[-0.10536215 -0.09754863 -0.10693732 -0.09145255],[0.80128682 0.53075218],0.9999999403953552,3.203141689300537,0.22583983838558197,False,False
332,332,[-0.10536215 -0.09754863 -0.10693732 -0.09145255],[0.80110335 0.53045589],0.9999999403953552,3.2089016437530518,0.22543103992938995,False,False
333,333,[-0.10536215 -0.09754863 -0.10693732 -0.09145255],[0.80092025 0.53016025],1.0,3.214702844619751,0.22502078115940094,False,False
334,334,[-0.10536215 -0.09754863 -0.10693732 -0.09145255],[0.80073738 0.52986526],0.9999999403953552,3.220545530319214,0.2246091216802597,False,False
335,335,[-0.10536215 -0.09754863 -0.10693732 -0.09145255],[0.80055487 0.52957088],1.0000001192092896,3.226428985595703,0.22419612109661102,False,False
336,336,[-0.10536215 -0.09754863 -0.10693732 -0.09145255],[0.80037266 0.52927709],1.0,3.2323544025421143,0.22378166019916534,False,False
337,337,[-0.10536215 -0.09754863 -0.10693732 -0.09145255],[0.80019081 0.52898407],1.0,3.2383227348327637,0.22336578369140625,False,False
338,338,[-0.10536215 -0.09754863 -0.10693732 -0.09145255],[0.80000913 0.52869153],0.9999999403953552,3.2443320751190186,0.2229485809803009,False,False
339,339,[-0.10536215 -0.09754863 -0.10693732 -0.09145255],[0.79982787 0.52839971],0.9999999403953552,3.2503855228424072,0.22252996265888214,False,False
340,340,[-0.10536215 -0.09754863 -0.10693732 -0.09145255],[0.79964697 0.52810848],1.0,3.256481885910034,0.22210992872714996,False,False
341,341,[-0.10536215 -0.09754863 -0.10693732 -0.09145255],[0.79946631 0.52781785],1.0,3.2626214027404785,0.22168853878974915,False,False
342,342,[-0.10536215 -0.09754863 -0.10693732 -0.09145255],[0.79928601 0.52752787],1.0,3.2688050270080566,0.22126570343971252,False,False
343,343,[-0.10536215 -0.09754863 -0.10693732 -0.09145255],[0.799106   0.52723855],1.0,3.2750325202941895,0.22084155678749084,False,False
344,344,[-0.10536215 -0.09754863 -0.10693732 -0.09145255],[0.79892635 0.52694988],1.0,3.2813048362731934,0.22041596472263336,False,False
345,345,[-0.10536215 -0.09754863 -0.10693732 -0.09145255],[0.79874694 0.52666181],1.0,3.287620782852173,0.21998904645442963,False,False
346,346,[-0.10536215 -0.09754863 -0.10693732 -0.09145255],[0.79856801 0.52637446],1.0000001192092896,3.2939841747283936,0.21956069767475128,False,False
347,347,[-0.10536215 -0.09754863 -0.10693732 -0.09145255],[0.79838926 0.52608764],0.9999998807907104,3.30039119720459,0.2191309779882431,False,False
348,348,[-0.10536215 -0.09754863 -0.10693732 -0.09145255],[0.79821086 0.52580154],1.0,3.306845188140869,0.21869990229606628,False,False
349,349,[-0.10536215 -0.09754863 -0.10693732 -0.09145255],[0.79803282 0.52551609],1.0,3.313344955444336,0.21826745569705963,False,False
350,350,[-0.10536215 -0.09754863 -0.10693732 -0.09145255],[0.79785514 0.52523124],1.0000001192092896,3.319891929626465,0.21783359348773956,False,False
351,351,[-0.10536215 -0.09754863 -0.10693732 -0.09145255],[0.79767776 0.52494711],1.0,3.3264851570129395,0.21739841997623444,False,False
352,352,[-0.10536215 -0.09754863 -0.10693732 -0.09145255],[0.79750073 0.52466351],1.0,3.3331260681152344,0.21696186065673828,False,False
353,353,[-0.10536215 -0.09754863 -0.10693732 -0.09145255],[0.79732406 0.52438068],1.0,3.3398149013519287,0.2165239155292511,False,False
354,354,[-0.10536215 -0.09754863 -0.10693732 -0.09145255],[0.79714763 0.5240984 ],0.9999998807907104,3.3465511798858643,0.21608462929725647,False,False
355,355,[-0.10536215 -0.09754863 -0.10693732 -0.09145255],[0.79697162 0.52381682],1.0,3.3533377647399902,0.21564394235610962,False,False
356,356,[-0.10536215 -0.09754863 -0.10693732 -0.09145255],[0.7967959  0.52353591],1.0,3.3601715564727783,0.2152019590139389,False,False
357,357,[-0.10536215 -0.09754863 -0.10693732 -0.09145255],[0.79662055 0.52325559],1.0,3.367055892944336,0.21475856006145477,False,False
358,358,[-0.10536215 -0.09754863 -0.10693732 -0.09145255],[0.79644549 0.52297598],1.0,3.3739893436431885,0.21431386470794678,False,False
359,359,[-0.10536215 -0.09754863 -0.10693732 -0.09145255],[0.79627079 0.52269709],1.0,3.3809726238250732,0.21386779844760895,False,False
360,360,[-0.10536215 -0.09754863 -0.10693732 -0.09145255],[0.79609644 0.52241874],0.9999999403953552,3.388007164001465,0.2134203314781189,False,False
361,361,[-0.10536215 -0.09754863 -0.10693732 -0.09145255],[0.79592246 0.5221411 ],1.0,3.395092487335205,0.21297158300876617,False,False
362,362,[-0.10536215 -0.09754863 -0.10693732 -0.09145255],[0.79574877 0.52186406],1.0,3.402229070663452,0.21252144873142242,False,False
363,363,[-0.10536215 -0.09754863 -0.10693732 -0.09145255],[0.7955755  0.52158773],0.9999999403953552,3.4094176292419434,0.21206998825073242,False,False
364,364,[-0.10536215 -0.09754863 -0.10693732 -0.09145255],[0.79540253 0.52131212],1.0,3.416658401489258,0.21161718666553497,False,False
365,365,[-0.10536215 -0.09754863 -0.10693732 -0.09145255],[0.79522991 0.5210371 ],1.0,3.423952341079712,0.2111630141735077,False,False
366,366,[-0.10536215 -0.09754863 -0.10693732 -0.09145255],[0.79505759 0.5207628 ],1.0,3.4312987327575684,0.21070754528045654,False,False
367,367,[-0.10536215 -0.09754863 -0.10693732 -0.09145255],[0.79488575 0.5204891 ],0.9999999403953552,3.438699245452881,0.21025070548057556,False,False
368,368,[-0.10536215 -0.09754863 -0.10693732 -0.09145255],[0.79471415 0.52021611],0.9999999403953552,3.4461536407470703,0.20979253947734833,False,False
369,369,[-0.10536215 -0.09754863 -0.10693732 -0.09145255],[0.79454297 0.51994377],1.0,3.453662872314453,0.20933307707309723,False,False
370,370,[-0.10536215 -0.09754863 -0.10693732 -0.09145255],[0.79437208 0.51967204],1.0,3.46122670173645,0.20887227356433868,False,False
371,371,[-0.10536215 -0.09754863 -0.10693732 -0.09145255],[0.79420161 0.51940113],1.0,3.468846321105957,0.2084101140499115,False,False
372,372,[-0.10536215 -0.09754863 -0.10693732 -0.09145255],[0.79403138 0.51913071],1.0,3.4765212535858154,0.20794668793678284,False,False
373,373,[-0.10536215 -0.09754863 -0.10693732 -0.09145255],[0.79386163 0.51886111],1.0,3.4842536449432373,0.20748190581798553,False,False
374,374,[-0.10536215 -0.09754863 -0.10693732 -0.09145255],[0.79369223 0.51859212],1.0,3.4920427799224854,0.2070157676935196,False,False
375,375,[-0.10536215 -0.09754863 -0.10693732 -0.09145255],[0.79352319 0.5183239 ],1.0000001192092896,3.499889612197876,0.20654836297035217,False,False
376,376,[-0.10536215 -0.09754863 -0.10693732 -0.09145255],[0.79335451 0.51805621],1.0000001192092896,3.507793426513672,0.2060796320438385,False,False
377,377,[-0.10536215 -0.09754863 -0.10693732 -0.09145255],[0.79318607 0.51778924],0.9999999403953552,3.5157556533813477,0.20560961961746216,False,False
378,378,[-0.10536215 -0.09754863 -0.10693732 -0.09145255],[0.7930181  0.51752299],1.0,3.523777723312378,0.20513826608657837,False,False
379,379,[-0.10536215 -0.09754863 -0.10693732 -0.09145255],[0.79285049 0.51725739],1.0,3.5318586826324463,0.2046656310558319,False,False
380,380,[-0.10536215 -0.09754863 -0.10693732 -0.09145255],[0.79268324 0.51699251],1.0000001192092896,3.539999485015869,0.2041916698217392,False,False
381,381,[-0.10536215 -0.09754863 -0.10693732 -0.09145255],[0.79251635 0.51672828],0.9999999403953552,3.548201084136963,0.20371639728546143,False,False
382,382,[-0.10536215 -0.09754863 -0.10693732 -0.09145255],[0.79234982 0.51646471],1.0,3.5564637184143066,0.20323987305164337,False,False
383,383,[-0.10536215 -0.09754863 -0.10693732 -0.09145255],[0.7921837  0.51620185],1.0,3.5647881031036377,0.20276202261447906,False,False
384,384,[-0.10536215 -0.09754863 -0.10693732 -0.09145255],[0.79201794 0.51593971],1.0,3.573174476623535,0.2022828608751297,False,False
385,385,[-0.10536215 -0.09754863 -0.10693732 -0.09145255],[0.79185253 0.51567829],0.9999998807907104,3.5816235542297363,0.20180240273475647,False,False
386,386,[-0.10536215 -0.09754863 -0.10693732 -0.09145255],[0.79168755 0.51541746],1.0,3.590136766433716,0.20132067799568176,False,False
387,387,[-0.10536215 -0.09754863 -0.10693732 -0.09145255],[0.79152286 0.51515734],1.0,3.598712205886841,0.20083771646022797,False,False
388,388,[-0.10536215 -0.09754863 -0.10693732 -0.09145255],[0.79135859 0.51489794],1.0,3.6073529720306396,0.20035342872142792,False,False
389,389,[-0.10536215 -0.09754863 -0.10693732 -0.09145255],[0.79119468 0.51463926],1.0,3.616058826446533,0.1998678743839264,False,False
390,390,[-0.10536215 -0.09754863 -0.10693732 -0.09145255],[0.79103112 0.51438117],1.0,3.624830484390259,0.1993809938430786,False,False
391,391,[-0.10536215 -0.09754863 -0.10693732 -0.09145255],[0.79086804 0.51412392],1.0,3.633668899536133,0.19889283180236816,False,False
392,392,[-0.10536215 -0.09754863 -0.10693732 -0.09145255],[0.79070526 0.51386726],1.0,3.642573118209839,0.198403462767601,False,False
393,393,[-0.10536215 -0.09754863 -0.10693732 -0.09145255],[0.7905429  0.51361132],0.9999999403953552,3.651545286178589,0.1979127675294876,False,False
394,394,[-0.10536215 -0.09754863 -0.10693732 -0.09145255],[0.79038084 0.51335609],1.0,3.6605851650238037,0.1974208652973175,False,False
395,395,[-0.10536215 -0.09754863 -0.10693732 -0.09145255],[0.79021931 0.51310152],0.9999999403953552,3.6696949005126953,0.19692762196063995,False,False
396,396,[-0.10536215 -0.09754863 -0.10693732 -0.09145255],[0.79005808 0.51284766],0.9999999403953552,3.678873300552368,0.1964331716299057,False,False
397,397,[-0.10536215 -0.09754863 -0.10693732 -0.09145255],[0.7898972  0.51259446],0.9999998807907104,3.6881213188171387,0.19593743979930878,False,False
398,398,[-0.10536215 -0.09754863 -0.10693732 -0.09145255],[0.78973675 0.5123421 ],1.0,3.6974401473999023,0.19544048607349396,False,False
399,399,[-0.10536215 -0.09754863 -0.10693732 -0.09145255],[0.78957665 0.51209033],1.0,3.706831455230713,0.19494222104549408,False,False
400,400,[-0.10536215 -0.09754863 -0.10693732 -0.09145255],[0.78941703 0.51183927],1.0000001192092896,3.716294527053833,0.1944427341222763,False,False
401,401,[-0.10536215 -0.09754863 -0.10693732 -0.09145255],[0.78925771 0.51158893],1.0,3.725830078125,0.19394198060035706,False,False
402,402,[-0.10536215 -0.09754863 -0.10693732 -0.09145255],[0.78909886 0.51133931],0.9999999403953552,3.735438585281372,0.19343999028205872,False,False
403,403,[-0.10536215 -0.09754863 -0.10693732 -0.09145255],[0.78894031 0.5110904 ],1.0,3.745121479034424,0.19293677806854248,False,False
404,404,[-0.10536215 -0.09754863 -0.10693732 -0.09145255],[0.78878224 0.5108422 ],1.0,3.754879951477051,0.19243228435516357,False,False
405,405,[-0.10536215 -0.09754863 -0.10693732 -0.09145255],[0.78862453 0.51059473],1.0,3.7647125720977783,0.19192661345005035,False,False
406,406,[-0.10536215 -0.09754863 -0.10693732 -0.09145255],[0.78846717 0.51034796],1.0000001192092896,3.774623394012451,0.19141966104507446,False,False
407,407,[-0.10536215 -0.09754863 -0.10693732 -0.09145255],[0.78831029 0.5101018 ],1.0,3.7846102714538574,0.19091147184371948,False,False
408,408,[-0.10536215 -0.09754863 -0.10693732 -0.09145255],[0.78815377 0.50985646],1.0,3.794674873352051,0.1904020756483078,False,False
409,409,[-0.10536215 -0.09754863 -0.10693732 -0.09145255],[0.78799766 0.50961185],0.9999999403953552,3.804818868637085,0.18989141285419464,False,False
410,410,[-0.10536215 -0.09754863 -0.10693732 -0.09145255],[0.78784192 0.50936788],1.0,3.8150415420532227,0.18937960267066956,False,False
411,411,[-0.10536215 -0.09754863 -0.10693732 -0.09145255],[0.78768659 0.50912464],1.0000001192092896,3.8253445625305176,0.1888664960861206,False,False
412,412,[-0.10536215 -0.09754863 -0.10693732 -0.09145255],[0.78753173 0.50888216],1.0,3.835728168487549,0.18835224211215973,False,False
413,413,[-0.10536215 -0.09754863 -0.10693732 -0.09145255],[0.78737718 0.50864041],1.0,3.846194267272949,0.18783672153949738,False,False
414,414,[-0.10536215 -0.09754863 -0.10693732 -0.09145255],[0.7872231  0.50839931],1.0,3.8567426204681396,0.18732000887393951,False,False
415,415,[-0.10536215 -0.09754863 -0.10693732 -0.09145255],[0.78706944 0.50815898],0.9999999403953552,3.867375135421753,0.18680201470851898,False,False
416,416,[-0.10536215 -0.09754863 -0.10693732 -0.09145255],[0.78691608 0.50791931],0.9999998807907104,3.8780908584594727,0.1862829327583313,False,False
417,417,[-0.10536215 -0.09754863 -0.10693732 -0.09145255],[0.78676325 0.50768042],0.9999998807907104,3.88889217376709,0.18576258420944214,False,False
418,418,[-0.10536215 -0.09754863 -0.10693732 -0.09145255],[0.78661078 0.50744224],0.9999999403953552,3.899780035018921,0.18524102866649628,False,False
419,419,[-0.10536215 -0.09754863 -0.10693732 -0.09145255],[0.78645873 0.50720477],1.0,3.9107542037963867,0.1847182959318161,False,False
420,420,[-0.10536215 -0.09754863 -0.10693732 -0.09145255],[0.7863071  0.50696808],0.9999998807907104,3.921816110610962,0.18419434130191803,False,False
421,421,[-0.10536215 -0.09754863 -0.10693732 -0.09145255],[0.78615588 0.50673211],0.9999999403953552,3.932967185974121,0.18366919457912445,False,False
422,422,[-0.10536215 -0.09754863 -0.10693732 -0.09145255],[0.78600514 0.50649679],1.0,3.9442081451416016,0.18314285576343536,False,False
423,423,[-0.10536215 -0.09754863 -0.10693732 -0.09145255],[0.7858547  0.50626224],1.0,3.955537796020508,0.18261542916297913,False,False
424,424,[-0.10536215 -0.09754863 -0.10693732 -0.09145255],[0.78570473 0.50602841],1.0,3.96696138381958,0.18208669126033783,False,False
425,425,[-0.10536215 -0.09754863 -0.10693732 -0.09145255],[0.78555512 0.50579536],1.0,3.97847580909729,0.18155686557292938,False,False
426,426,[-0.10536215 -0.09754863 -0.10693732 -0.09145255],[0.78540599 0.50556296],1.0,3.9900848865509033,0.18102578818798065,False,False
427,427,[-0.10536215 -0.09754863 -0.10693732 -0.09145255],[0.78525728 0.50533128],1.0,4.0017876625061035,0.18049356341362,False,False
428,428,[-0.10536215 -0.09754863 -0.10693732 -0.09145255],[0.78510898 0.50510049],1.0,4.013585090637207,0.1799601912498474,False,False
429,429,[-0.10536215 -0.09754863 -0.10693732 -0.09145255],[0.7849611 0.5048703],0.9999999403953552,4.025480270385742,0.17942561209201813,False,False
430,430,[-0.10536215 -0.09754863 -0.10693732 -0.09145255],[0.7848137  0.50464094],1.0,4.037471771240234,0.1788899302482605,False,False
431,431,[-0.10536215 -0.09754863 -0.10693732 -0.09145255],[0.78466666 0.50441217],0.9999999403953552,4.049563407897949,0.17835299670696259,False,False
432,432,[-0.10536215 -0.09754863 -0.10693732 -0.09145255],[0.78452003 0.50418425],1.0,4.061752796173096,0.17781497538089752,False,False
433,433,[-0.10536215 -0.09754863 -0.10693732 -0.09145255],[0.78437388 0.50395703],1.0,4.0740437507629395,0.17727577686309814,False,False
434,434,[-0.10536215 -0.09754863 -0.10693732 -0.09145255],[0.78422815 0.5037306 ],0.9999999403953552,4.086435794830322,0.17673541605472565,False,False
435,435,[-0.10536215 -0.09754863 -0.10693732 -0.09145255],[0.78408277 0.50350487],1.0000001192092896,4.098931312561035,0.1761939376592636,False,False
436,436,[-0.10536215 -0.09754863 -0.10693732 -0.09145255],[0.78393793 0.50327986],0.9999999403953552,4.111530780792236,0.17565131187438965,False,False
437,437,[-0.10536215 -0.09754863 -0.10693732 -0.09145255],[0.78379345 0.50305563],0.9999999403953552,4.124234676361084,0.17510750889778137,False,False
438,438,[-0.10536215 -0.09754863 -0.10693732 -0.09145255],[0.78364944 0.50283217],1.0,4.1370463371276855,0.17456255853176117,False,False
439,439,[-0.10536215 -0.09754863 -0.10693732 -0.09145255],[0.7835058  0.50260937],1.0,4.149963855743408,0.17401647567749023,False,False
440,440,[-0.10536215 -0.09754863 -0.10693732 -0.09145255],[0.78336269 0.5023874 ],0.9999998807907104,4.162990570068359,0.17346929013729095,False,False
441,441,[-0.10536215 -0.09754863 -0.10693732 -0.09145255],[0.78321993 0.50216615],1.0,4.176126956939697,0.17292100191116333,False,False
442,442,[-0.10536215 -0.09754863 -0.10693732 -0.09145255],[0.78307772 0.50194561],1.0,4.189375400543213,0.172371506690979,False,False
443,443,[-0.10536215 -0.09754863 -0.10693732 -0.09145255],[0.78293586 0.50172591],1.0,4.20273494720459,0.17182093858718872,False,False
444,444,[-0.10536215 -0.09754863 -0.10693732 -0.09145255],[0.78279442 0.50150687],1.0000001192092896,4.2162089347839355,0.1712692230939865,False,False
445,445,[-0.10536215 -0.09754863 -0.10693732 -0.09145255],[0.78265345 0.50128853],1.0,4.22979736328125,0.17071639001369476,False,False
446,446,[-0.10536215 -0.09754863 -0.10693732 -0.09145255],[0.7825129  0.50107104],0.9999999403953552,4.243501663208008,0.17016249895095825,False,False
447,447,[-0.10536215 -0.09754863 -0.10693732 -0.09145255],[0.78237283 0.50085431],1.0,4.25732421875,0.16960743069648743,False,False
448,448,[-0.10536215 -0.09754863 -0.10693732 -0.09145255],[0.78223318 0.50063831],0.9999999403953552,4.271264553070068,0.16905128955841064,False,False
449,449,[-0.10536215 -0.09754863 -0.10693732 -0.09145255],[0.782094   0.50042307],1.0,4.285326957702637,0.16849403083324432,False,False
450,450,[-0.10536215 -0.09754863 -0.10693732 -0.09145255],[0.78195524 0.50020856],0.9999999403953552,4.299509048461914,0.16793568432331085,False,False
451,451,[-0.10536215 -0.09754863 -0.10693732 -0.09145255],[0.78181702 0.49999481],0.9999999403953552,4.313815593719482,0.16737619042396545,False,False
452,452,[-0.10536215 -0.09754863 -0.10693732 -0.09145255],[0.78167909 0.49978179],1.0,4.328245162963867,0.16681568324565887,False,False
453,453,[-0.10536215 -0.09754863 -0.10693732 -0.09145255],[0.78154171 0.49956959],0.9999998807907104,4.342802047729492,0.16625402867794037,False,False
454,454,[-0.10536215 -0.09754863 -0.10693732 -0.09145255],[0.78140473 0.49935812],1.0000001192092896,4.357485771179199,0.1656913310289383,False,False
455,455,[-0.10536215 -0.09754863 -0.10693732 -0.09145255],[0.78126824 0.49914742],1.0000001192092896,4.3722991943359375,0.1651274710893631,False,False
456,456,[-0.10536215 -0.09754863 -0.10693732 -0.09145255],[0.78113216 0.49893743],1.0,4.387241363525391,0.16456259787082672,False,False
457,457,[-0.10536215 -0.09754863 -0.10693732 -0.09145255],[0.78099662 0.49872822],1.0,4.402317047119141,0.1639966070652008,False,False
458,458,[-0.10536215 -0.09754863 -0.10693732 -0.09145255],[0.78086144 0.49851984],0.9999998807907104,4.417524814605713,0.1634296029806137,False,False
459,459,[-0.10536215 -0.09754863 -0.10693732 -0.09145255],[0.78072673 0.49831218],1.0,4.432868957519531,0.16286148130893707,False,False
460,460,[-0.10536215 -0.09754863 -0.10693732 -0.09145255],[0.78059244 0.49810529],1.0,4.448349475860596,0.16229230165481567,False,False
461,461,[-0.10536215 -0.09754863 -0.10693732 -0.09145255],[0.78045869 0.49789912],1.0000001192092896,4.4639692306518555,0.16172204911708832,False,False
462,462,[-0.10536215 -0.09754863 -0.10693732 -0.09145255],[0.78032541 0.49769378],1.0,4.479728698730469,0.1611507385969162,False,False
463,463,[-0.10536215 -0.09754863 -0.10693732 -0.09145255],[0.78019249 0.49748921],1.0,4.495630264282227,0.1605783849954605,False,False
464,464,[-0.10536215 -0.09754863 -0.10693732 -0.09145255],[0.78006011 0.49728531],1.0,4.511674880981445,0.16000495851039886,False,False
465,465,[-0.10536215 -0.09754863 -0.10693732 -0.09145255],[0.77992815 0.49708229],1.0,4.527864933013916,0.15943047404289246,False,False
466,466,[-0.10536215 -0.09754863 -0.10693732 -0.09145255],[0.77979666 0.49687994],1.0,4.54420280456543,0.15885496139526367,False,False
467,467,[-0.10536215 -0.09754863 -0.10693732 -0.09145255],[0.77966571 0.49667847],1.0,4.560689449310303,0.15827840566635132,False,False
468,468,[-0.10536215 -0.09754863 -0.10693732 -0.09145255],[0.77953506 0.49647772],1.0,4.577326774597168,0.1577008068561554,False,False
469,469,[-0.10536215 -0.09754863 -0.10693732 -0.09145255],[0.779405   0.49627775],1.0,4.594116687774658,0.1571221798658371,False,False
470,470,[-0.10536215 -0.09754863 -0.10693732 -0.09145255],[0.77927536 0.49607849],1.0,4.611062526702881,0.15654249489307404,False,False
471,471,[-0.10536215 -0.09754863 -0.10693732 -0.09145255],[0.77914619 0.49588013],1.0,4.628164291381836,0.155961811542511,False,False
472,472,[-0.10536215 -0.09754863 -0.10693732 -0.09145255],[0.77901745 0.49568248],1.0000001192092896,4.6454243659973145,0.15538008511066437,False,False
473,473,[-0.10536215 -0.09754863 -0.10693732 -0.09145255],[0.7788893 0.4954856],1.000000238418579,4.662846088409424,0.15479731559753418,False,False
474,474,[-0.10536215 -0.09754863 -0.10693732 -0.09145255],[0.77876145 0.4952895 ],0.9999999403953552,4.680429458618164,0.1542135328054428,False,False
475,475,[-0.10536215 -0.09754863 -0.10693732 -0.09145255],[0.77863419 0.49509418],1.0,4.698176860809326,0.15362879633903503,False,False
476,476,[-0.10536215 -0.09754863 -0.10693732 -0.09145255],[0.77850735 0.49489963],0.9999999403953552,4.716092109680176,0.1530430018901825,False,False
477,477,[-0.10536215 -0.09754863 -0.10693732 -0.09145255],[0.77838105 0.49470586],0.9999998807907104,4.734177589416504,0.15245617926120758,False,False
478,478,[-0.10536215 -0.09754863 -0.10693732 -0.09145255],[0.77825516 0.49451292],1.0,4.752434253692627,0.15186837315559387,False,False
479,479,[-0.10536215 -0.09754863 -0.10693732 -0.09145255],[0.77812976 0.49432063],0.9999998807907104,4.770863056182861,0.15127956867218018,False,False
480,480,[-0.10536215 -0.09754863 -0.10693732 -0.09145255],[0.77800488 0.49412924],1.0,4.7894697189331055,0.1506897509098053,False,False
481,481,[-0.10536215 -0.09754863 -0.10693732 -0.09145255],[0.77788037 0.49393862],0.9999999403953552,4.808252811431885,0.150098979473114,False,False
482,482,[-0.10536215 -0.09754863 -0.10693732 -0.09145255],[0.77775639 0.49374878],0.9999999403953552,4.8272175788879395,0.14950716495513916,False,False
483,483,[-0.10536215 -0.09754863 -0.10693732 -0.09145255],[0.77763295 0.49355966],1.0,4.846365451812744,0.1489143967628479,False,False
484,484,[-0.10536215 -0.09754863 -0.10693732 -0.09145255],[0.77750993 0.49337143],1.0,4.865698337554932,0.14832065999507904,False,False
485,485,[-0.10536215 -0.09754863 -0.10693732 -0.09145255],[0.77738738 0.49318391],0.9999999403953552,4.885219573974609,0.1477258950471878,False,False
486,486,[-0.10536215 -0.09754863 -0.10693732 -0.09145255],[0.77726531 0.49299717],0.9999999403953552,4.904930114746094,0.14713020622730255,False,False
487,487,[-0.10536215 -0.09754863 -0.10693732 -0.09145255],[0.77714378 0.49281126],0.9999999403953552,4.924835205078125,0.1465335190296173,False,False
488,488,[-0.10536215 -0.09754863 -0.10693732 -0.09145255],[0.77702266 0.49262613],0.9999999403953552,4.944935321807861,0.14593587815761566,False,False
489,489,[-0.10536215 -0.09754863 -0.10693732 -0.09145255],[0.77690208 0.49244177],0.9999998807907104,4.965234279632568,0.14533725380897522,False,False
490,490,[-0.10536215 -0.09754863 -0.10693732 -0.09145255],[0.77678192 0.49225819],0.9999998807907104,4.9857354164123535,0.14473764598369598,False,False
491,491,[-0.10536215 -0.09754863 -0.10693732 -0.09145255],[0.77666235 0.49207544],1.0,5.006438255310059,0.1441371589899063,False,False
492,492,[-0.10536215 -0.09754863 -0.10693732 -0.09145255],[0.77654314 0.49189347],1.0,5.027349472045898,0.14353565871715546,False,False
493,493,[-0.10536215 -0.09754863 -0.10693732 -0.09145255],[0.77642453 0.49171233],0.9999999403953552,5.0484700202941895,0.14293323457241058,False,False
494,494,[-0.10536215 -0.09754863 -0.10693732 -0.09145255],[0.77630633 0.49153191],0.9999999403953552,5.069802761077881,0.1423298567533493,False,False
495,495,[-0.10536215 -0.09754863 -0.10693732 -0.09145255],[0.77618867 0.49135238],1.0,5.091353893280029,0.14172549545764923,False,False
496,496,[-0.10536215 -0.09754863 -0.10693732 -0.09145255],[0.77607143 0.49117357],1.0,5.113121032714844,0.14112025499343872,False,False
497,497,[-0.10536215 -0.09754863 -0.10693732 -0.09145255],[0.77595478 0.49099553],1.0,5.135110855102539,0.1405140459537506,False,False
498,498,[-0.10536215 -0.09754863 -0.10693732 -0.09145255],[0.77583849 0.49081838],0.9999999403953552,5.15732479095459,0.13990692794322968,False,False
499,499,[-0.10536215 -0.09754863 -0.10693732 -0.09145255],[0.7757228  0.49064195],1.0000001192092896,5.1797685623168945,0.13929888606071472,False,False
500,500,[-0.10536215 -0.09754863 -0.10693732 -0.09145255],[0.77560759 0.49046636],0.9999998807907104,5.2024431228637695,0.13868987560272217,False,False
501,501,[-0.10536215 -0.09754863 -0.10693732 -0.09145255],[0.77549291 0.49029148],1.0,5.225353240966797,0.13808001577854156,False,False
502,502,[-0.10536215 -0.09754863 -0.10693732 -0.09145255],[0.77537864 0.49011749],1.0000001192092896,5.248502254486084,0.13746918737888336,False,False
503,503,[-0.10536215 -0.09754863 -0.10693732 -0.09145255],[0.77526492 0.48994428],1.0,5.2718915939331055,0.13685747981071472,False,False
504,504,[-0.10536215 -0.09754863 -0.10693732 -0.09145255],[0.77515167 0.4897719 ],1.0,5.295528411865234,0.13624481856822968,False,False
505,505,[-0.10536215 -0.09754863 -0.10693732 -0.09145255],[0.77503896 0.48960024],1.0,5.319413661956787,0.13563129305839539,False,False
506,506,[-0.10536215 -0.09754863 -0.10693732 -0.09145255],[0.77492666 0.48942947],1.0,5.3435516357421875,0.13501687347888947,False,False
507,507,[-0.10536215 -0.09754863 -0.10693732 -0.09145255],[0.77481496 0.48925948],0.9999999403953552,5.367947101593018,0.13440150022506714,False,False
508,508,[-0.10536215 -0.09754863 -0.10693732 -0.09145255],[0.77470374 0.48909026],0.9999998807907104,5.3926005363464355,0.13378532230854034,False,False
509,509,[-0.10536215 -0.09754863 -0.10693732 -0.09145255],[0.774593   0.48892188],1.0,5.4175214767456055,0.13316817581653595,False,False
510,510,[-0.10536215 -0.09754863 -0.10693732 -0.09145255],[0.77448273 0.48875433],1.0000001192092896,5.442711353302002,0.1325501799583435,False,False
511,511,[-0.10536215 -0.09754863 -0.10693732 -0.09145255],[0.77437299 0.48858756],1.0,5.4681715965271,0.131931334733963,False,False
512,512,[-0.10536215 -0.09754863 -0.10693732 -0.09145255],[0.77426374 0.48842156],1.0000001192092896,5.493910312652588,0.1313115805387497,False,False
513,513,[-0.10536215 -0.09754863 -0.10693732 -0.09145255],[0.77415508 0.48825639],1.0,5.519929885864258,0.13069091737270355,False,False
514,514,[-0.10536215 -0.09754863 -0.10693732 -0.09145255],[0.7740469  0.48809201],1.0,5.54623556137085,0.13006940484046936,False,False
515,515,[-0.10536215 -0.09754863 -0.10693732 -0.09145255],[0.77393913 0.48792845],1.0,5.572830677032471,0.1294470578432083,False,False
516,516,[-0.10536215 -0.09754863 -0.10693732 -0.09145255],[0.7738319  0.48776579],0.9999999403953552,5.599720001220703,0.12882383167743683,False,False
517,517,[-0.10536215 -0.09754863 -0.10693732 -0.09145255],[0.77372521 0.48760384],1.0,5.626910209655762,0.1281997561454773,False,False
518,518,[-0.10536215 -0.09754863 -0.10693732 -0.09145255],[0.77361906 0.48744273],0.9999999403953552,5.654403209686279,0.1275748312473297,False,False
519,519,[-0.10536215 -0.09754863 -0.10693732 -0.09145255],[0.77351332 0.48728245],0.9999999403953552,5.6822052001953125,0.12694905698299408,False,False
520,520,[-0.10536215 -0.09754863 -0.10693732 -0.09145255],[0.77340817 0.48712289],1.0,5.71032190322876,0.1263224333524704,False,False
521,521,[-0.10536215 -0.09754863 -0.10693732 -0.09145255],[0.77330357 0.48696423],1.0,5.738757610321045,0.12569494545459747,False,False
522,522,[-0.10536215 -0.09754863 -0.10693732 -0.09145255],[0.77319944 0.48680639],1.0,5.767518043518066,0.12506665289402008,False,False
523,523,[-0.10536215 -0.09754863 -0.10693732 -0.09145255],[0.77309579 0.48664933],1.0,5.79660701751709,0.12443751096725464,False,False
524,524,[-0.10536215 -0.09754863 -0.10693732 -0.09145255],[0.77299273 0.48649311],1.0,5.82603120803833,0.12380754202604294,False,False
525,525,[-0.10536215 -0.09754863 -0.10693732 -0.09145255],[0.77289003 0.48633772],1.0,5.855795383453369,0.12317675352096558,False,False
526,526,[-0.10536215 -0.09754863 -0.10693732 -0.09145255],[0.77278799 0.48618311],0.9999998211860657,5.885906219482422,0.12254513055086136,False,False
527,527,[-0.10536215 -0.09754863 -0.10693732 -0.09145255],[0.77268642 0.48602933],1.0000001192092896,5.91636848449707,0.12191273272037506,False,False
528,528,[-0.10536215 -0.09754863 -0.10693732 -0.09145255],[0.77258539 0.48587632],0.9999999403953552,5.947189807891846,0.12127944827079773,False,False
529,529,[-0.10536215 -0.09754863 -0.10693732 -0.09145255],[0.77248484 0.48572421],0.9999999403953552,5.9783735275268555,0.1206454187631607,False,False
530,530,[-0.10536215 -0.09754863 -0.10693732 -0.09145255],[0.77238488 0.48557287],0.9999998807907104,6.009929180145264,0.12001053988933563,False,False
531,531,[-0.10536215 -0.09754863 -0.10693732 -0.09145255],[0.7722854  0.48542243],0.9999999403953552,6.041860103607178,0.11937488615512848,False,False
532,532,[-0.10536215 -0.09754863 -0.10693732 -0.09145255],[0.7721864  0.48527271],1.0,6.074174880981445,0.11873842775821686,False,False
533,533,[-0.10536215 -0.09754863 -0.10693732 -0.09145255],[0.77208793 0.48512381],1.0,6.106878280639648,0.11810117214918137,False,False
534,534,[-0.10536215 -0.09754863 -0.10693732 -0.09145255],[0.77199006 0.48497587],0.9999998807907104,6.13997745513916,0.11746317148208618,False,False
535,535,[-0.10536215 -0.09754863 -0.10693732 -0.09145255],[0.77189267 0.48482859],1.0,6.173482894897461,0.11682432144880295,False,False
536,536,[-0.10536215 -0.09754863 -0.10693732 -0.09145255],[0.77179581 0.4846822 ],1.0,6.207395553588867,0.11618472635746002,False,False
537,537,[-0.10536215 -0.09754863 -0.10693732 -0.09145255],[0.77169943 0.48453665],0.9999999403953552,6.241726875305176,0.11554436385631561,False,False
538,538,[-0.10536215 -0.09754863 -0.10693732 -0.09145255],[0.77160358 0.48439193],0.9999999403953552,6.276484489440918,0.11490318924188614,False,False
539,539,[-0.10536215 -0.09754863 -0.10693732 -0.09145255],[0.77150828 0.48424798],0.9999998211860657,6.311671733856201,0.11426130682229996,False,False
540,540,[-0.10536215 -0.09754863 -0.10693732 -0.09145255],[0.77141351 0.48410493],1.0,6.34730339050293,0.11361860483884811,False,False
541,541,[-0.10536215 -0.09754863 -0.10693732 -0.09145255],[0.77131927 0.48396266],1.0,6.383382320404053,0.11297517269849777,False,False
542,542,[-0.10536215 -0.09754863 -0.10693732 -0.09145255],[0.77122557 0.48382121],1.0,6.419919490814209,0.11233096569776535,False,False
543,543,[-0.10536215 -0.09754863 -0.10693732 -0.09145255],[0.77113235 0.48368061],1.0,6.456921577453613,0.11168599873781204,False,False
544,544,[-0.10536215 -0.09754863 -0.10693732 -0.09145255],[0.77103972 0.48354083],1.0,6.494396209716797,0.11104030907154083,False,False
545,545,[-0.10536215 -0.09754863 -0.10693732 -0.09145255],[0.77094758 0.48340189],1.0000001192092896,6.53235387802124,0.11039386689662933,False,False
546,546,[-0.10536215 -0.09754863 -0.10693732 -0.09145255],[0.77085596 0.48326373],1.0,6.570804119110107,0.10974667966365814,False,False
547,547,[-0.10536215 -0.09754863 -0.10693732 -0.09145255],[0.77076495 0.48312646],1.0000001192092896,6.6097540855407715,0.10909879207611084,False,False
548,548,[-0.10536215 -0.09754863 -0.10693732 -0.09145255],[0.77067435 0.48299003],1.0,6.6492156982421875,0.10845013707876205,False,False
549,549,[-0.10536215 -0.09754863 -0.10693732 -0.09145255],[0.77058434 0.48285437],1.0,6.689196586608887,0.10780076682567596,False,False
550,550,[-0.10536215 -0.09754863 -0.10693732 -0.09145255],[0.77049494 0.4827196 ],0.9999999403953552,6.729708194732666,0.10715067386627197,False,False
551,551,[-0.10536215 -0.09754863 -0.10693732 -0.09145255],[0.77040601 0.48258561],1.0,6.770761489868164,0.10649987310171127,False,False
552,552,[-0.10536215 -0.09754863 -0.10693732 -0.09145255],[0.77031761 0.48245251],1.0,6.812364101409912,0.10584835708141327,False,False
553,553,[-0.10536215 -0.09754863 -0.10693732 -0.09145255],[0.77022976 0.48232019],1.0,6.854531288146973,0.10519611835479736,False,False
554,554,[-0.10536215 -0.09754863 -0.10693732 -0.09145255],[0.77014244 0.48218876],0.9999998211860657,6.8972673416137695,0.10454318672418594,False,False
555,555,[-0.10536215 -0.09754863 -0.10693732 -0.09145255],[0.77005565 0.48205817],1.0,6.940591812133789,0.10388954728841782,False,False
556,556,[-0.10536215 -0.09754863 -0.10693732 -0.09145255],[0.7699694  0.48192835],1.0,6.984510898590088,0.10323521494865417,False,False
557,557,[-0.10536215 -0.09754863 -0.10693732 -0.09145255],[0.76988369 0.48179942],1.0000001192092896,7.029038906097412,0.10258015990257263,False,False
558,558,[-0.10536215 -0.09754863 -0.10693732 -0.09145255],[0.76979852 0.48167133],0.9999998807907104,7.074185371398926,0.10192445665597916,False,False
559,559,[-0.10536215 -0.09754863 -0.10693732 -0.09145255],[0.76971388 0.48154402],1.0,7.119966983795166,0.10126806795597076,False,False
560,560,[-0.10536215 -0.09754863 -0.10693732 -0.09145255],[0.76962984 0.48141754],1.0,7.166395664215088,0.10061097145080566,False,False
561,561,[-0.10536215 -0.09754863 -0.10693732 -0.09145255],[0.76954627 0.48129201],0.9999999403953552,7.213481903076172,0.09995321929454803,False,False
562,562,[-0.10536215 -0.09754863 -0.10693732 -0.09145255],[0.7694633  0.48116726],1.0,7.2612409591674805,0.09929480403661728,False,False
563,563,[-0.10536215 -0.09754863 -0.10693732 -0.09145255],[0.76938081 0.48104334],1.0000001192092896,7.309689521789551,0.0986357107758522,False,False
564,564,[-0.10536215 -0.09754863 -0.10693732 -0.09145255],[0.76929891 0.48092026],0.9999999403953552,7.358839988708496,0.09797593951225281,False,False
565,565,[-0.10536215 -0.09754863 -0.10693732 -0.09145255],[0.76921749 0.48079801],0.9999998807907104,7.40870475769043,0.09731553494930267,False,False
566,566,[-0.10536215 -0.09754863 -0.10693732 -0.09145255],[0.76913667 0.48067659],0.9999999403953552,7.459303379058838,0.09665447473526001,False,False
567,567,[-0.10536215 -0.09754863 -0.10693732 -0.09145255],[0.76905644 0.48055607],1.0,7.510653972625732,0.09599273651838303,False,False
568,568,[-0.10536215 -0.09754863 -0.10693732 -0.09145255],[0.76897669 0.48043633],1.0,7.562763214111328,0.09533039480447769,False,False
569,569,[-0.10536215 -0.09754863 -0.10693732 -0.09145255],[0.76889747 0.48031747],0.9999997019767761,7.6156535148620605,0.09466740489006042,False,False
570,570,[-0.10536215 -0.09754863 -0.10693732 -0.09145255],[0.76881886 0.48019946],0.9999999403953552,7.669344902038574,0.09400376677513123,False,False
571,571,[-0.10536215 -0.09754863 -0.10693732 -0.09145255],[0.76874077 0.48008227],0.9999998807907104,7.723853588104248,0.09333949536085129,False,False
572,572,[-0.10536215 -0.09754863 -0.10693732 -0.09145255],[0.76866323 0.47996593],0.9999998211860657,7.779196262359619,0.09267458319664001,False,False
573,573,[-0.10536215 -0.09754863 -0.10693732 -0.09145255],[0.76858622 0.47985047],0.9999998211860657,7.835389614105225,0.09200908243656158,False,False
574,574,[-0.10536215 -0.09754863 -0.10693732 -0.09145255],[0.76850975 0.47973579],1.0000001192092896,7.89246129989624,0.09134293347597122,False,False
575,575,[-0.10536215 -0.09754863 -0.10693732 -0.09145255],[0.76843393 0.47962201],0.9999999403953552,7.9504194259643555,0.0906762033700943,False,False
576,576,[-0.10536215 -0.09754863 -0.10693732 -0.09145255],[0.76835859 0.47950906],1.0000001192092896,8.009294509887695,0.09000882506370544,False,False
577,577,[-0.10536215 -0.09754863 -0.10693732 -0.09145255],[0.76828378 0.47939694],1.0,8.069106101989746,0.08934084326028824,False,False
578,578,[-0.10536215 -0.09754863 -0.10693732 -0.09145255],[0.76820952 0.47928566],1.0,8.129871368408203,0.08867228776216507,False,False
579,579,[-0.10536215 -0.09754863 -0.10693732 -0.09145255],[0.76813585 0.47917527],1.0,8.191615104675293,0.08800312876701355,False,False
580,580,[-0.10536215 -0.09754863 -0.10693732 -0.09145255],[0.76806271 0.47906572],0.9999998807907104,8.254363059997559,0.08733337372541428,False,False
581,581,[-0.10536215 -0.09754863 -0.10693732 -0.09145255],[0.76799017 0.478957  ],1.0,8.318138122558594,0.08666302263736725,False,False
582,582,[-0.10536215 -0.09754863 -0.10693732 -0.09145255],[0.76791817 0.47884917],1.0,8.382966041564941,0.08599208295345306,False,False
583,583,[-0.10536215 -0.09754863 -0.10693732 -0.09145255],[0.76784664 0.47874212],1.0000001192092896,8.448870658874512,0.08532056957483292,False,False
584,584,[-0.10536215 -0.09754863 -0.10693732 -0.09145255],[0.76777577 0.47863597],1.0000001192092896,8.515878677368164,0.0846484825015068,False,False
585,585,[-0.10536215 -0.09754863 -0.10693732 -0.09145255],[0.76770544 0.47853065],1.0,8.584017753601074,0.08397582173347473,False,False
586,586,[-0.10536215 -0.09754863 -0.10693732 -0.09145255],[0.76763558 0.47842622],0.9999998807907104,8.653313636779785,0.08330261707305908,False,False
587,587,[-0.10536215 -0.09754863 -0.10693732 -0.09145255],[0.76756638 0.47832257],1.0000001192092896,8.723803520202637,0.08262884616851807,False,False
588,588,[-0.10536215 -0.09754863 -0.10693732 -0.09145255],[0.76749766 0.47821981],0.9999998807907104,8.79550838470459,0.08195451647043228,False,False
589,589,[-0.10536215 -0.09754863 -0.10693732 -0.09145255],[0.76742959 0.47811794],0.9999999403953552,8.868467330932617,0.08127963542938232,False,False
590,590,[-0.10536215 -0.09754863 -0.10693732 -0.09145255],[0.767362   0.47801685],0.9999998211860657,8.942708015441895,0.080604188144207,False,False
591,591,[-0.10536215 -0.09754863 -0.10693732 -0.09145255],[0.767295  0.4779166],0.9999998807907104,9.018266677856445,0.0799282044172287,False,False
592,592,[-0.10536215 -0.09754863 -0.10693732 -0.09145255],[0.7672286 0.4778173],1.0,9.095176696777344,0.07925166189670563,False,False
593,593,[-0.10536215 -0.09754863 -0.10693732 -0.09145255],[0.76716274 0.47771883],0.9999999403953552,9.173470497131348,0.07857466489076614,False,False
594,594,[-0.10536215 -0.09754863 -0.10693732 -0.09145255],[0.76709741 0.47762114],1.0000001192092896,9.253194808959961,0.07789704948663712,False,False
595,595,[-0.10536215 -0.09754863 -0.10693732 -0.09145255],[0.76703262 0.4775244 ],1.0,9.334379196166992,0.07721894234418869,False,False
596,596,[-0.10536215 -0.09754863 -0.10693732 -0.09145255],[0.76696843 0.4774285 ],1.0,9.417070388793945,0.07654029875993729,False,False
597,597,[-0.10536215 -0.09754863 -0.10693732 -0.09145255],[0.76690483 0.47733343],0.9999999403953552,9.501298904418945,0.07586114853620529,False,False
598,598,[-0.10536215 -0.09754863 -0.10693732 -0.09145255],[0.76684177 0.47723919],0.9999998807907104,9.587116241455078,0.0751815140247345,False,False
599,599,[-0.10536215 -0.09754863 -0.10693732 -0.09145255],[0.76677924 0.47714585],1.0,9.674571990966797,0.07450132817029953,False,False
600,600,[-0.10536215 -0.09754863 -0.10693732 -0.09145255],[0.76671731 0.47705334],1.0,9.763705253601074,0.07382063567638397,False,False
601,601,[-0.10536215 -0.09754863 -0.10693732 -0.09145255],[0.76665592 0.47696173],1.0000001192092896,9.854561805725098,0.0731395035982132,False,False
602,602,[-0.10536215 -0.09754863 -0.10693732 -0.09145255],[0.76659518 0.47687095],1.0,9.947197914123535,0.07245782762765884,False,False
603,603,[-0.10536215 -0.09754863 -0.10693732 -0.09145255],[0.76653492 0.47678101],1.0,10.041657447814941,0.07177569717168808,False,False
604,604,[-0.10536215 -0.09754863 -0.10693732 -0.09145255],[0.76647526 0.47669196],1.0,10.138005256652832,0.07109304517507553,False,False
605,605,[-0.10536215 -0.09754863 -0.10693732 -0.09145255],[0.76641613 0.47660375],0.9999998807907104,10.236288070678711,0.07040993869304657,False,False
606,606,[-0.10536215 -0.09754863 -0.10693732 -0.09145255],[0.7663576  0.47651643],1.0000001192092896,10.336572647094727,0.06972634792327881,False,False
607,607,[-0.10536215 -0.09754863 -0.10693732 -0.09145255],[0.76629961 0.47642994],0.9999999403953552,10.438908576965332,0.06904228776693344,False,False
608,608,[-0.10536215 -0.09754863 -0.10693732 -0.09145255],[0.76624227 0.47634429],1.0,10.54336929321289,0.06835775822401047,False,False
609,609,[-0.10536215 -0.09754863 -0.10693732 -0.09145255],[0.7661854  0.47625953],0.9999998211860657,10.650014877319336,0.06767275929450989,False,False
610,610,[-0.10536215 -0.09754863 -0.10693732 -0.09145255],[0.76612914 0.47617567],1.0,10.758918762207031,0.0669873058795929,False,False
611,611,[-0.10536215 -0.09754863 -0.10693732 -0.09145255],[0.76607341 0.47609264],1.0,10.870147705078125,0.06630140542984009,False,False
612,612,[-0.10536215 -0.09754863 -0.10693732 -0.09145255],[0.76601833 0.47601044],1.000000238418579,10.983777046203613,0.06561505794525146,False,False
613,613,[-0.10536215 -0.09754863 -0.10693732 -0.09145255],[0.76596373 0.47592914],0.9999999403953552,11.099886894226074,0.06492825597524643,False,False
614,614,[-0.10536215 -0.09754863 -0.10693732 -0.09145255],[0.76590979 0.47584867],1.0000001192092896,11.218550682067871,0.06424105912446976,False,False
615,615,[-0.10536215 -0.09754863 -0.10693732 -0.09145255],[0.76585633 0.4757691 ],0.9999998211860657,11.339863777160645,0.06355340033769608,False,False
616,616,[-0.10536215 -0.09754863 -0.10693732 -0.09145255],[0.76580352 0.47569036],1.0,11.463912963867188,0.06286528706550598,False,False
617,617,[-0.10536215 -0.09754863 -0.10693732 -0.09145255],[0.76575124 0.47561252],1.0,11.59078598022461,0.062176741659641266,False,False
618,618,[-0.10536215 -0.09754863 -0.10693732 -0.09145255],[0.76569957 0.47553551],0.9999999403953552,11.7205810546875,0.061487797647714615,False,False
619,619,[-0.10536215 -0.09754863 -0.10693732 -0.09145255],[0.76564842 0.4754594 ],1.0,11.853395462036133,0.06079847738146782,False,False
620,620,[-0.10536215 -0.09754863 -0.10693732 -0.09145255],[0.76559788 0.47538412],1.0,11.98934555053711,0.06010870262980461,False,False
621,621,[-0.10536215 -0.09754863 -0.10693732 -0.09145255],[0.76554793 0.47530973],0.9999998807907104,12.128530502319336,0.059418532997369766,False,False
622,622,[-0.10536215 -0.09754863 -0.10693732 -0.09145255],[0.76549852 0.47523618],0.9999999403953552,12.271076202392578,0.05872795730829239,False,False
623,623,[-0.10536215 -0.09754863 -0.10693732 -0.09145255],[0.7654497  0.47516352],1.0,12.417098999023438,0.05803697183728218,False,False
624,624,[-0.10536215 -0.09754863 -0.10693732 -0.09145255],[0.76540148 0.4750917 ],1.0,12.566730499267578,0.05734557658433914,False,False
625,625,[-0.10536215 -0.09754863 -0.10693732 -0.09145255],[0.7653538  0.47502077],1.0000001192092896,12.72009563446045,0.05665384232997894,False,False
626,626,[-0.10536215 -0.09754863 -0.10693732 -0.09145255],[0.76530671 0.47495073],1.000000238418579,12.877341270446777,0.05596170946955681,False,False
627,627,[-0.10536215 -0.09754863 -0.10693732 -0.09145255],[0.76526016 0.47488153],1.0000001192092896,13.03862190246582,0.05526917800307274,False,False
628,628,[-0.10536215 -0.09754863 -0.10693732 -0.09145255],[0.7652142  0.47481316],1.0,13.204082489013672,0.054576292634010315,False,False
629,629,[-0.10536215 -0.09754863 -0.10693732 -0.09145255],[0.76516891 0.47474575],1.0000001192092896,13.37389087677002,0.05388303101062775,False,False
630,630,[-0.10536215 -0.09754863 -0.10693732 -0.09145255],[0.76512408 0.47467911],1.0,13.548224449157715,0.053189389407634735,False,False
631,631,[-0.10536215 -0.09754863 -0.10693732 -0.09145255],[0.76507986 0.47461343],0.9999998807907104,13.72724723815918,0.05249544233083725,False,False
632,632,[-0.10536215 -0.09754863 -0.10693732 -0.09145255],[0.76503623 0.47454852],0.9999999403953552,13.911179542541504,0.05180106684565544,False,False
633,633,[-0.10536215 -0.09754863 -0.10693732 -0.09145255],[0.76499319 0.4744845 ],0.9999999403953552,14.100197792053223,0.05110638961195946,False,False
634,634,[-0.10536215 -0.09754863 -0.10693732 -0.09145255],[0.76495075 0.47442144],0.9999995827674866,14.29452133178711,0.05041135475039482,False,False
635,635,[-0.10536215 -0.09754863 -0.10693732 -0.09145255],[0.76490879 0.47435915],0.9999998807907104,14.494379043579102,0.049716006964445114,False,False
636,636,[-0.10536215 -0.09754863 -0.10693732 -0.09145255],[0.76486748 0.47429776],1.0,14.700020790100098,0.04902025684714317,False,False
637,637,[-0.10536215 -0.09754863 -0.10693732 -0.09145255],[0.76482677 0.47423726],1.0000001192092896,14.9116792678833,0.04832422733306885,False,False
638,638,[-0.10536215 -0.09754863 -0.10693732 -0.09145255],[0.76478666 0.4741776 ],1.0,15.129597663879395,0.047627951949834824,False,False
639,639,[-0.10536215 -0.09754863 -0.10693732 -0.09145255],[0.76474708 0.47411883],0.9999998807907104,15.35403060913086,0.046931520104408264,False,False
640,640,[-0.10536215 -0.09754863 -0.10693732 -0.09145255],[0.7647081  0.47406101],1.0,15.58528995513916,0.046234920620918274,False,False
641,641,[-0.10536215 -0.09754863 -0.10693732 -0.09145255],[0.76466978 0.47400403],0.9999997019767761,15.823634147644043,0.0455382838845253,False,False
642,642,[-0.10536215 -0.09754863 -0.10693732 -0.09145255],[0.76463199 0.47394794],1.0000003576278687,16.069398880004883,0.044841621071100235,False,False
643,643,[-0.10536215 -0.09754863 -0.10693732 -0.09145255],[0.76459479 0.47389269],0.9999999403953552,16.322893142700195,0.044145017862319946,False,False
644,644,[-0.10536215 -0.09754863 -0.10693732 -0.09145255],[0.7645582  0.47383845],0.9999997615814209,16.584474563598633,0.04344853758811951,False,False
645,645,[-0.10536215 -0.09754863 -0.10693732 -0.09145255],[0.76452225 0.47378504],0.9999997615814209,16.85452651977539,0.04275220260024071,False,False
646,646,[-0.10536215 -0.09754863 -0.10693732 -0.09145255],[0.76448691 0.47373259],1.0000001192092896,17.133420944213867,0.04205610603094101,False,False
647,647,[-0.10536215 -0.09754863 -0.10693732 -0.09145255],[0.7644521  0.47368097],0.9999998211860657,17.421567916870117,0.04136031121015549,False,False
648,648,[-0.10536215 -0.09754863 -0.10693732 -0.09145255],[0.76441801 0.47363031],0.9999998211860657,17.719463348388672,0.04066482186317444,False,False
649,649,[-0.10536215 -0.09754863 -0.10693732 -0.09145255],[0.76438439 0.4735806 ],1.0000001192092896,18.027509689331055,0.039969783276319504,False,False
650,650,[-0.10536215 -0.09754863 -0.10693732 -0.09145255],[0.76435149 0.47353172],1.000000238418579,18.346242904663086,0.039275217801332474,False,False
651,651,[-0.10536215 -0.09754863 -0.10693732 -0.09145255],[0.76431918 0.4734838 ],1.0,18.67621421813965,0.03858114778995514,False,False
652,652,[-0.10536215 -0.09754863 -0.10693732 -0.09145255],[0.76428747 0.47343683],0.9999998211860657,19.017974853515625,0.03788769245147705,False,False
653,653,[-0.10536215 -0.09754863 -0.10693732 -0.09145255],[0.76425642 0.4733907 ],1.000000238418579,19.372148513793945,0.037194859236478806,False,False
654,654,[-0.10536215 -0.09754863 -0.10693732 -0.09145255],[0.76422596 0.47334552],1.0,19.739377975463867,0.036502741277217865,False,False
655,655,[-0.10536215 -0.09754863 -0.10693732 -0.09145255],[0.76419604 0.47330129],0.9999997615814209,20.120372772216797,0.0358114019036293,False,False
656,656,[-0.10536215 -0.09754863 -0.10693732 -0.09145255],[0.76416683 0.4732579 ],0.9999998807907104,20.515907287597656,0.03512084111571312,False,False
657,657,[-0.10536215 -0.09754863 -0.10693732 -0.09145255],[0.76413816 0.47321546],1.0,20.926767349243164,0.03443119674921036,False,False
658,658,[-0.10536215 -0.09754863 -0.10693732 -0.09145255],[0.76411015 0.47317398],1.0,21.35382080078125,0.0337425097823143,False,False
659,659,[-0.10536215 -0.09754863 -0.10693732 -0.09145255],[0.76408267 0.47313333],1.0,21.798009872436523,0.03305479511618614,False,False
660,660,[-0.10536215 -0.09754863 -0.10693732 -0.09145255],[0.76405597 0.47309369],1.000000238418579,22.260351181030273,0.03236813470721245,False,False
661,661,[-0.10536215 -0.09754863 -0.10693732 -0.09145255],[0.7640298  0.47305489],1.0,22.741945266723633,0.03168259933590889,False,False
662,662,[-0.10536215 -0.09754863 -0.10693732 -0.09145255],[0.76400417 0.47301704],0.9999995827674866,23.24397087097168,0.03099820204079151,False,False
663,663,[-0.10536215 -0.09754863 -0.10693732 -0.09145255],[0.76397926 0.47298002],0.9999998807907104,23.767681121826172,0.030315080657601357,False,False
664,664,[-0.10536215 -0.09754863 -0.10693732 -0.09145255],[0.76395488 0.47294396],0.9999996423721313,24.314498901367188,0.029633238911628723,False,False
665,665,[-0.10536215 -0.09754863 -0.10693732 -0.09145255],[0.7639311  0.47290879],0.9999994039535522,24.885906219482422,0.028952721506357193,False,False
666,666,[-0.10536215 -0.09754863 -0.10693732 -0.09145255],[0.76390791 0.47287458],0.9999998211860657,25.483537673950195,0.028273649513721466,False,False
667,667,[-0.10536215 -0.09754863 -0.10693732 -0.09145255],[0.76388538 0.4728412 ],0.9999997019767761,26.109272003173828,0.02759597636759281,False,False
668,668,[-0.10536215 -0.09754863 -0.10693732 -0.09145255],[0.76386344 0.47280872],0.9999997019767761,26.764955520629883,0.026919862255454063,False,False
669,669,[-0.10536215 -0.09754863 -0.10693732 -0.09145255],[0.76384211 0.47277713],1.0000001192092896,27.452838897705078,0.026245271787047386,False,False
670,670,[-0.10536215 -0.09754863 -0.10693732 -0.09145255],[0.76382136 0.47274643],1.0,28.175146102905273,0.02557237446308136,False,False
671,671,[-0.10536215 -0.09754863 -0.10693732 -0.09145255],[0.7638011  0.47271657],1.0,28.934608459472656,0.024901090189814568,False,False
672,672,[-0.10536215 -0.09754863 -0.10693732 -0.09145255],[0.76378155 0.47268766],0.9999995827674866,29.733989715576172,0.024231573566794395,False,False
673,673,[-0.10536215 -0.09754863 -0.10693732 -0.09145255],[0.76376259 0.47265959],0.9999998211860657,30.57643699645996,0.023563893511891365,False,False
674,674,[-0.10536215 -0.09754863 -0.10693732 -0.09145255],[0.76374418 0.47263241],1.0000004768371582,31.465518951416016,0.022898036986589432,False,False
675,675,[-0.10536215 -0.09754863 -0.10693732 -0.09145255],[0.76372635 0.47260606],0.9999992251396179,32.40510177612305,0.02223404310643673,False,False
676,676,[-0.10536215 -0.09754863 -0.10693732 -0.09145255],[0.76370907 0.47258055],0.9999997019767761,33.39952087402344,0.021572014316916466,False,False
677,677,[-0.10536215 -0.09754863 -0.10693732 -0.09145255],[0.76369238 0.47255594],1.0,34.45357894897461,0.020912010222673416,False,False
678,678,[-0.10536215 -0.09754863 -0.10693732 -0.09145255],[0.76367635 0.47253215],0.9999992847442627,35.57273864746094,0.020254051312804222,False,False
679,679,[-0.10536215 -0.09754863 -0.10693732 -0.09145255],[0.76366079 0.47250921],1.0000007152557373,36.763057708740234,0.019598226994276047,False,False
680,680,[-0.10536215 -0.09754863 -0.10693732 -0.09145255],[0.76364583 0.47248709],0.9999995231628418,38.03143310546875,0.01894458383321762,False,False
681,681,[-0.10536215 -0.09754863 -0.10693732 -0.09145255],[0.7636314  0.47246581],0.9999998807907104,39.38567352294922,0.01829315721988678,False,False
682,682,[-0.10536215 -0.09754863 -0.10693732 -0.09145255],[0.76361752 0.47244531],1.0000001192092896,40.834747314453125,0.01764395646750927,False,False
683,683,[-0.10536215 -0.09754863 -0.10693732 -0.09145255],[0.76360416 0.4724257 ],1.0000008344650269,42.38871383666992,0.01699710264801979,False,False
684,684,[-0.10536215 -0.09754863 -0.10693732 -0.09145255],[0.76359141 0.4724068 ],0.9999996423721313,44.05923843383789,0.016352655366063118,False,False
685,685,[-0.10536215 -0.09754863 -0.10693732 -0.09145255],[0.76357919 0.4723888 ],0.9999998211860657,45.85976028442383,0.015710575506091118,False,False
686,686,[-0.10536215 -0.09754863 -0.10693732 -0.09145255],[0.76356745 0.47237152],0.9999997019767761,47.805912017822266,0.015070993453264236,False,False
687,687,[-0.10536215 -0.09754863 -0.10693732 -0.09145255],[0.7635563  0.47235507],0.9999992847442627,49.91584396362305,0.014433912932872772,False,False
688,688,[-0.10536215 -0.09754863 -0.10693732 -0.09145255],[0.76354563 0.47233939],1.0,52.21089172363281,0.013799424283206463,False,False
689,689,[-0.10536215 -0.09754863 -0.10693732 -0.09145255],[0.7635355  0.47232449],0.9999998807907104,54.71632766723633,0.013167540542781353,False,False
690,690,[-0.10536215 -0.09754863 -0.10693732 -0.09145255],[0.76352584 0.4723103 ],1.0,57.462066650390625,0.012538325972855091,False,False
691,691,[-0.10536215 -0.09754863 -0.10693732 -0.09145255],[0.76351678 0.47229695],1.000000238418579,60.484195709228516,0.011911842040717602,False,False
692,692,[-0.10536215 -0.09754863 -0.10693732 -0.09145255],[0.7635082  0.47228426],0.9999996423721313,63.826255798339844,0.011288098059594631,False,False
693,693,[-0.10536215 -0.09754863 -0.10693732 -0.09145255],[0.76350003 0.47227234],1.0000008344650269,67.5413818359375,0.010667182505130768,False,False
694,694,[-0.10536215 -0.09754863 -0.10693732 -0.09145255],[0.76349241 0.47226113],1.0000005960464478,71.69561767578125,0.010049096308648586,False,False
695,695,[-0.10536215 -0.09754863 -0.10693732 -0.09145255],[0.76348525 0.4722507 ],1.0000027418136597,76.37076568603516,0.00943392887711525,False,False
